{
	"credit": "Made with Blockbench",
	"textures": {
		"0": "item/sword/skill10/skill10_2_armor",
		"particle": "item/sword/skill10/skill10_2_armor"
	},
	"elements": [
		{
			"name": "skill10_2_armor_0",
			"from": [6.09524, 4.9, 5.5],
			"to": [9.90476, 4.9, 8.54762],
			"faces": {
				"north": {"uv": [9.90476, 0, 6.09524, 2.66667], "texture": "#0"},
				"east": {"uv": [9.14286, 0, 9.90476, 10.66667], "rotation": 90, "texture": "#0"},
				"south": {"uv": [6.09524, 8, 9.90476, 10.66667], "texture": "#0"},
				"west": {"uv": [6.09524, 0, 6.85714, 10.66667], "rotation": 270, "texture": "#0"},
				"up": {"uv": [6.09524, 0, 9.90476, 10.66667], "texture": "#0"},
				"down": {"uv": [6.09524, 10.66667, 9.90476, 0], "texture": "#0"}
			}
		},
		{
			"name": "skill10_2_armor_1",
			"from": [3.80952, 4.9, 6.2619],
			"to": [6.09524, 4.9, 8.54762],
			"faces": {
				"north": {"uv": [6.09524, 2.66667, 3.80952, 5.33333], "texture": "#0"},
				"east": {"uv": [5.33333, 2.66667, 6.09524, 10.66667], "rotation": 90, "texture": "#0"},
				"south": {"uv": [3.80952, 8, 6.09524, 10.66667], "texture": "#0"},
				"west": {"uv": [3.80952, 2.66667, 4.57143, 10.66667], "rotation": 270, "texture": "#0"},
				"up": {"uv": [3.80952, 2.66667, 6.09524, 10.66667], "texture": "#0"},
				"down": {"uv": [3.80952, 10.66667, 6.09524, 2.66667], "texture": "#0"}
			}
		},
		{
			"name": "skill10_2_armor_2",
			"from": [9.90476, 4.9, 6.2619],
			"to": [12.19048, 4.9, 8.54762],
			"faces": {
				"north": {"uv": [12.19048, 2.66667, 9.90476, 5.33333], "texture": "#0"},
				"east": {"uv": [11.42857, 2.66667, 12.19048, 10.66667], "rotation": 90, "texture": "#0"},
				"south": {"uv": [9.90476, 8, 12.19048, 10.66667], "texture": "#0"},
				"west": {"uv": [9.90476, 2.66667, 10.66667, 10.66667], "rotation": 270, "texture": "#0"},
				"up": {"uv": [9.90476, 2.66667, 12.19048, 10.66667], "texture": "#0"},
				"down": {"uv": [9.90476, 10.66667, 12.19048, 2.66667], "texture": "#0"}
			}
		},
		{
			"name": "skill10_2_armor_3",
			"from": [2.28571, 4.9, 7.02381],
			"to": [3.80952, 4.9, 10.07143],
			"faces": {
				"north": {"uv": [3.80952, 5.33333, 2.28571, 8], "texture": "#0"},
				"east": {"uv": [3.04762, 5.33333, 3.80952, 16], "rotation": 90, "texture": "#0"},
				"south": {"uv": [2.28571, 13.33333, 3.80952, 16], "texture": "#0"},
				"west": {"uv": [2.28571, 5.33333, 3.04762, 16], "rotation": 270, "texture": "#0"},
				"up": {"uv": [2.28571, 5.33333, 3.80952, 16], "texture": "#0"},
				"down": {"uv": [2.28571, 16, 3.80952, 5.33333], "texture": "#0"}
			}
		},
		{
			"name": "skill10_2_armor_4",
			"from": [12.19048, 4.9, 7.02381],
			"to": [13.71429, 4.9, 10.07143],
			"faces": {
				"north": {"uv": [13.71429, 5.33333, 12.19048, 8], "texture": "#0"},
				"east": {"uv": [12.95238, 5.33333, 13.71429, 16], "rotation": 90, "texture": "#0"},
				"south": {"uv": [12.19048, 13.33333, 13.71429, 16], "texture": "#0"},
				"west": {"uv": [12.19048, 5.33333, 12.95238, 16], "rotation": 270, "texture": "#0"},
				"up": {"uv": [12.19048, 5.33333, 13.71429, 16], "texture": "#0"},
				"down": {"uv": [12.19048, 16, 13.71429, 5.33333], "texture": "#0"}
			}
		},
		{
			"name": "skill10_2_armor_5",
			"from": [0.7619, 4.9, 7.78571],
			"to": [2.28571, 4.9, 10.07143],
			"faces": {
				"north": {"uv": [2.28571, 8, 0.7619, 10.66667], "texture": "#0"},
				"east": {"uv": [1.52381, 8, 2.28571, 16], "rotation": 90, "texture": "#0"},
				"south": {"uv": [0.7619, 13.33333, 2.28571, 16], "texture": "#0"},
				"west": {"uv": [0.7619, 8, 1.52381, 16], "rotation": 270, "texture": "#0"},
				"up": {"uv": [0.7619, 8, 2.28571, 16], "texture": "#0"},
				"down": {"uv": [0.7619, 16, 2.28571, 8], "texture": "#0"}
			}
		},
		{
			"name": "skill10_2_armor_6",
			"from": [13.71429, 4.9, 7.78571],
			"to": [15.2381, 4.9, 10.07143],
			"faces": {
				"north": {"uv": [15.2381, 8, 13.71429, 10.66667], "texture": "#0"},
				"east": {"uv": [14.47619, 8, 15.2381, 16], "rotation": 90, "texture": "#0"},
				"south": {"uv": [13.71429, 13.33333, 15.2381, 16], "texture": "#0"},
				"west": {"uv": [13.71429, 8, 14.47619, 16], "rotation": 270, "texture": "#0"},
				"up": {"uv": [13.71429, 8, 15.2381, 16], "texture": "#0"},
				"down": {"uv": [13.71429, 16, 15.2381, 8], "texture": "#0"}
			}
		},
		{
			"name": "skill10_2_armor_7",
			"from": [0, 4.9, 8.54762],
			"to": [0.7619, 4.9, 10.07143],
			"faces": {
				"north": {"uv": [0.7619, 10.66667, 0, 13.33333], "texture": "#0"},
				"east": {"uv": [0, 10.66667, 0.7619, 16], "rotation": 90, "texture": "#0"},
				"south": {"uv": [0, 13.33333, 0.7619, 16], "texture": "#0"},
				"west": {"uv": [0, 10.66667, 0.7619, 16], "rotation": 270, "texture": "#0"},
				"up": {"uv": [0, 10.66667, 0.7619, 16], "texture": "#0"},
				"down": {"uv": [0, 16, 0.7619, 10.66667], "texture": "#0"}
			}
		},
		{
			"name": "skill10_2_armor_8",
			"from": [3.80952, 4.9, 8.54762],
			"to": [5.33333, 4.9, 9.30952],
			"faces": {
				"north": {"uv": [5.33333, 10.66667, 3.80952, 13.33333], "texture": "#0"},
				"east": {"uv": [4.57143, 10.66667, 5.33333, 13.33333], "rotation": 90, "texture": "#0"},
				"south": {"uv": [3.80952, 10.66667, 5.33333, 13.33333], "texture": "#0"},
				"west": {"uv": [3.80952, 10.66667, 4.57143, 13.33333], "rotation": 270, "texture": "#0"},
				"up": {"uv": [3.80952, 10.66667, 5.33333, 13.33333], "texture": "#0"},
				"down": {"uv": [3.80952, 13.33333, 5.33333, 10.66667], "texture": "#0"}
			}
		},
		{
			"name": "skill10_2_armor_9",
			"from": [10.66667, 4.9, 8.54762],
			"to": [12.19048, 4.9, 9.30952],
			"faces": {
				"north": {"uv": [12.19048, 10.66667, 10.66667, 13.33333], "texture": "#0"},
				"east": {"uv": [11.42857, 10.66667, 12.19048, 13.33333], "rotation": 90, "texture": "#0"},
				"south": {"uv": [10.66667, 10.66667, 12.19048, 13.33333], "texture": "#0"},
				"west": {"uv": [10.66667, 10.66667, 11.42857, 13.33333], "rotation": 270, "texture": "#0"},
				"up": {"uv": [10.66667, 10.66667, 12.19048, 13.33333], "texture": "#0"},
				"down": {"uv": [10.66667, 13.33333, 12.19048, 10.66667], "texture": "#0"}
			}
		},
		{
			"name": "skill10_2_armor_10",
			"from": [15.2381, 4.9, 8.54762],
			"to": [16, 4.9, 10.07143],
			"faces": {
				"north": {"uv": [16, 10.66667, 15.2381, 13.33333], "texture": "#0"},
				"east": {"uv": [15.2381, 10.66667, 16, 16], "rotation": 90, "texture": "#0"},
				"south": {"uv": [15.2381, 13.33333, 16, 16], "texture": "#0"},
				"west": {"uv": [15.2381, 10.66667, 16, 16], "rotation": 270, "texture": "#0"},
				"up": {"uv": [15.2381, 10.66667, 16, 16], "texture": "#0"},
				"down": {"uv": [15.2381, 16, 16, 10.66667], "texture": "#0"}
			}
		}
	],
	"display": {
		"head": {
			"translation": [0, -40, 0],
			"scale": [4, 1, 4]
		}
	},
	"groups": [
		{
			"name": "skill10_2_armor",
			"origin": [8, 8, 8],
			"color": 0,
			"children": [0, 1, 2, 3, 4, 5, 6, 7, 8, 9, 10]
		}
	]
}