{
	"credit": "Made with Blockbench",
	"textures": {
		"0": "item/sword/skill8_0",
		"particle": "item/sword/skill8_0"
	},
	"elements": [
		{
			"name": "skill8_0_0",
			"from": [7.5, 0, 7.75],
			"to": [8.5, 15, 8.25],
			"faces": {
				"north": {"uv": [7.75, 0.25, 8, 15.25], "texture": "#0"},
				"east": {"uv": [7.75, 15.25, 8.25, 0.25], "rotation": 180, "texture": "#0"},
				"south": {"uv": [8, 0.25, 8.25, 15.25], "texture": "#0"},
				"west": {"uv": [7.75, 0.25, 8.25, 15.25], "texture": "#0"},
				"up": {"uv": [8.25, 0.25, 7.75, 0.5], "rotation": 270, "texture": "#0"},
				"down": {"uv": [7.75, 15, 8.25, 15.25], "rotation": 270, "texture": "#0"}
			}
		},
		{
			"name": "skill8_0_1",
			"from": [7.5, 0, 7.5],
			"to": [8.5, 14.75, 7.75],
			"faces": {
				"north": {"uv": [7.5, 0.5, 7.75, 15.25], "texture": "#0"},
				"east": {"uv": [7.5, 15.25, 7.75, 0.5], "rotation": 180, "texture": "#0"},
				"south": {"uv": [7.5, 0.5, 7.75, 15.25], "texture": "#0"},
				"west": {"uv": [7.5, 0.5, 7.75, 15.25], "texture": "#0"},
				"up": {"uv": [7.75, 0.5, 7.5, 0.75], "rotation": 270, "texture": "#0"},
				"down": {"uv": [7.5, 15, 7.75, 15.25], "rotation": 270, "texture": "#0"}
			}
		},
		{
			"name": "skill8_0_2",
			"from": [7.5, 13, 8.25],
			"to": [8.5, 14.75, 8.5],
			"faces": {
				"north": {"uv": [8.25, 0.5, 8.5, 2.25], "texture": "#0"},
				"east": {"uv": [8.25, 2.25, 8.5, 0.5], "rotation": 180, "texture": "#0"},
				"south": {"uv": [8.25, 0.5, 8.5, 2.25], "texture": "#0"},
				"west": {"uv": [8.25, 0.5, 8.5, 2.25], "texture": "#0"},
				"up": {"uv": [8.5, 0.5, 8.25, 0.75], "rotation": 270, "texture": "#0"},
				"down": {"uv": [8.25, 2, 8.5, 2.25], "rotation": 270, "texture": "#0"}
			}
		},
		{
			"name": "skill8_0_3",
			"from": [7.5, 14, 7.25],
			"to": [8.5, 14.5, 7.5],
			"faces": {
				"north": {"uv": [7.25, 0.75, 7.5, 1.25], "texture": "#0"},
				"east": {"uv": [7.25, 1.25, 7.5, 0.75], "rotation": 180, "texture": "#0"},
				"south": {"uv": [7.25, 0.75, 7.5, 1.25], "texture": "#0"},
				"west": {"uv": [7.25, 0.75, 7.5, 1.25], "texture": "#0"},
				"up": {"uv": [7.5, 0.75, 7.25, 1], "rotation": 270, "texture": "#0"},
				"down": {"uv": [7.25, 1, 7.5, 1.25], "rotation": 270, "texture": "#0"}
			}
		},
		{
			"name": "skill8_0_4",
			"from": [7.5, 14, 8.5],
			"to": [8.5, 14.5, 8.75],
			"faces": {
				"north": {"uv": [8.5, 0.75, 8.75, 1.25], "texture": "#0"},
				"east": {"uv": [8.5, 1.25, 8.75, 0.75], "rotation": 180, "texture": "#0"},
				"south": {"uv": [8.5, 0.75, 8.75, 1.25], "texture": "#0"},
				"west": {"uv": [8.5, 0.75, 8.75, 1.25], "texture": "#0"},
				"up": {"uv": [8.75, 0.75, 8.5, 1], "rotation": 270, "texture": "#0"},
				"down": {"uv": [8.5, 1, 8.75, 1.25], "rotation": 270, "texture": "#0"}
			}
		},
		{
			"name": "skill8_0_5",
			"from": [7.5, 4, 4.25],
			"to": [8.5, 14, 4.5],
			"faces": {
				"north": {"uv": [4.25, 1.25, 4.5, 11.25], "texture": "#0"},
				"east": {"uv": [4.25, 11.25, 4.5, 1.25], "rotation": 180, "texture": "#0"},
				"south": {"uv": [4.25, 1.25, 4.5, 11.25], "texture": "#0"},
				"west": {"uv": [4.25, 1.25, 4.5, 11.25], "texture": "#0"},
				"up": {"uv": [4.5, 1.25, 4.25, 1.5], "rotation": 270, "texture": "#0"},
				"down": {"uv": [4.25, 11, 4.5, 11.25], "rotation": 270, "texture": "#0"}
			}
		},
		{
			"name": "skill8_0_6",
			"from": [7.5, 13.5, 5.25],
			"to": [8.5, 14, 5.75],
			"faces": {
				"north": {"uv": [5.25, 1.25, 5.5, 1.75], "texture": "#0"},
				"east": {"uv": [5.25, 1.75, 5.75, 1.25], "rotation": 180, "texture": "#0"},
				"south": {"uv": [5.5, 1.25, 5.75, 1.75], "texture": "#0"},
				"west": {"uv": [5.25, 1.25, 5.75, 1.75], "texture": "#0"},
				"up": {"uv": [5.75, 1.25, 5.25, 1.5], "rotation": 270, "texture": "#0"},
				"down": {"uv": [5.25, 1.5, 5.75, 1.75], "rotation": 270, "texture": "#0"}
			}
		},
		{
			"name": "skill8_0_7",
			"from": [7.5, 4.25, 4],
			"to": [8.5, 13.75, 4.25],
			"faces": {
				"north": {"uv": [4, 1.5, 4.25, 11], "texture": "#0"},
				"east": {"uv": [4, 11, 4.25, 1.5], "rotation": 180, "texture": "#0"},
				"south": {"uv": [4, 1.5, 4.25, 11], "texture": "#0"},
				"west": {"uv": [4, 1.5, 4.25, 11], "texture": "#0"},
				"up": {"uv": [4.25, 1.5, 4, 1.75], "rotation": 270, "texture": "#0"},
				"down": {"uv": [4, 10.75, 4.25, 11], "rotation": 270, "texture": "#0"}
			}
		},
		{
			"name": "skill8_0_8",
			"from": [7.5, 3.75, 4.5],
			"to": [8.5, 13.75, 4.75],
			"faces": {
				"north": {"uv": [4.5, 1.5, 4.75, 11.5], "texture": "#0"},
				"east": {"uv": [4.5, 11.5, 4.75, 1.5], "rotation": 180, "texture": "#0"},
				"south": {"uv": [4.5, 1.5, 4.75, 11.5], "texture": "#0"},
				"west": {"uv": [4.5, 1.5, 4.75, 11.5], "texture": "#0"},
				"up": {"uv": [4.75, 1.5, 4.5, 1.75], "rotation": 270, "texture": "#0"},
				"down": {"uv": [4.5, 11.25, 4.75, 11.5], "rotation": 270, "texture": "#0"}
			}
		},
		{
			"name": "skill8_0_9",
			"from": [7.5, 11, 5],
			"to": [8.5, 13.75, 5.25],
			"faces": {
				"north": {"uv": [5, 1.5, 5.25, 4.25], "texture": "#0"},
				"east": {"uv": [5, 4.25, 5.25, 1.5], "rotation": 180, "texture": "#0"},
				"south": {"uv": [5, 1.5, 5.25, 4.25], "texture": "#0"},
				"west": {"uv": [5, 1.5, 5.25, 4.25], "texture": "#0"},
				"up": {"uv": [5.25, 1.5, 5, 1.75], "rotation": 270, "texture": "#0"},
				"down": {"uv": [5, 4, 5.25, 4.25], "rotation": 270, "texture": "#0"}
			}
		},
		{
			"name": "skill8_0_10",
			"from": [7.5, 4.5, 3.75],
			"to": [8.5, 13.5, 4],
			"faces": {
				"north": {"uv": [3.75, 1.75, 4, 10.75], "texture": "#0"},
				"east": {"uv": [3.75, 10.75, 4, 1.75], "rotation": 180, "texture": "#0"},
				"south": {"uv": [3.75, 1.75, 4, 10.75], "texture": "#0"},
				"west": {"uv": [3.75, 1.75, 4, 10.75], "texture": "#0"},
				"up": {"uv": [4, 1.75, 3.75, 2], "rotation": 270, "texture": "#0"},
				"down": {"uv": [3.75, 10.5, 4, 10.75], "rotation": 270, "texture": "#0"}
			}
		},
		{
			"name": "skill8_0_11",
			"from": [7.5, 10.75, 4.75],
			"to": [8.5, 13.5, 5],
			"faces": {
				"north": {"uv": [4.75, 1.75, 5, 4.5], "texture": "#0"},
				"east": {"uv": [4.75, 4.5, 5, 1.75], "rotation": 180, "texture": "#0"},
				"south": {"uv": [4.75, 1.75, 5, 4.5], "texture": "#0"},
				"west": {"uv": [4.75, 1.75, 5, 4.5], "texture": "#0"},
				"up": {"uv": [5, 1.75, 4.75, 2], "rotation": 270, "texture": "#0"},
				"down": {"uv": [4.75, 4.25, 5, 4.5], "rotation": 270, "texture": "#0"}
			}
		},
		{
			"name": "skill8_0_12",
			"from": [7.5, 13.25, 5.25],
			"to": [8.5, 13.5, 5.5],
			"faces": {
				"north": {"uv": [5.25, 1.75, 5.5, 2], "texture": "#0"},
				"east": {"uv": [5.25, 2, 5.5, 1.75], "rotation": 180, "texture": "#0"},
				"south": {"uv": [5.25, 1.75, 5.5, 2], "texture": "#0"},
				"west": {"uv": [5.25, 1.75, 5.5, 2], "texture": "#0"},
				"up": {"uv": [5.5, 1.75, 5.25, 2], "rotation": 270, "texture": "#0"},
				"down": {"uv": [5.25, 1.75, 5.5, 2], "rotation": 270, "texture": "#0"}
			}
		},
		{
			"name": "skill8_0_13",
			"from": [7.5, 13, 7.25],
			"to": [8.5, 13.5, 7.5],
			"faces": {
				"north": {"uv": [7.25, 1.75, 7.5, 2.25], "texture": "#0"},
				"east": {"uv": [7.25, 2.25, 7.5, 1.75], "rotation": 180, "texture": "#0"},
				"south": {"uv": [7.25, 1.75, 7.5, 2.25], "texture": "#0"},
				"west": {"uv": [7.25, 1.75, 7.5, 2.25], "texture": "#0"},
				"up": {"uv": [7.5, 1.75, 7.25, 2], "rotation": 270, "texture": "#0"},
				"down": {"uv": [7.25, 2, 7.5, 2.25], "rotation": 270, "texture": "#0"}
			}
		},
		{
			"name": "skill8_0_14",
			"from": [7.5, 13.25, 8.5],
			"to": [8.5, 13.5, 8.75],
			"faces": {
				"north": {"uv": [8.5, 1.75, 8.75, 2], "texture": "#0"},
				"east": {"uv": [8.5, 2, 8.75, 1.75], "rotation": 180, "texture": "#0"},
				"south": {"uv": [8.5, 1.75, 8.75, 2], "texture": "#0"},
				"west": {"uv": [8.5, 1.75, 8.75, 2], "texture": "#0"},
				"up": {"uv": [8.75, 1.75, 8.5, 2], "rotation": 270, "texture": "#0"},
				"down": {"uv": [8.5, 1.75, 8.75, 2], "rotation": 270, "texture": "#0"}
			}
		},
		{
			"name": "skill8_0_15",
			"from": [7.5, 4.75, 3.5],
			"to": [8.5, 13.25, 3.75],
			"faces": {
				"north": {"uv": [3.5, 2, 3.75, 10.5], "texture": "#0"},
				"east": {"uv": [3.5, 10.5, 3.75, 2], "rotation": 180, "texture": "#0"},
				"south": {"uv": [3.5, 2, 3.75, 10.5], "texture": "#0"},
				"west": {"uv": [3.5, 2, 3.75, 10.5], "texture": "#0"},
				"up": {"uv": [3.75, 2, 3.5, 2.25], "rotation": 270, "texture": "#0"},
				"down": {"uv": [3.5, 10.25, 3.75, 10.5], "rotation": 270, "texture": "#0"}
			}
		},
		{
			"name": "skill8_0_16",
			"from": [7.5, 12.25, 3.25],
			"to": [8.5, 13, 3.5],
			"faces": {
				"north": {"uv": [3.25, 2.25, 3.5, 3], "texture": "#0"},
				"east": {"uv": [3.25, 3, 3.5, 2.25], "rotation": 180, "texture": "#0"},
				"south": {"uv": [3.25, 2.25, 3.5, 3], "texture": "#0"},
				"west": {"uv": [3.25, 2.25, 3.5, 3], "texture": "#0"},
				"up": {"uv": [3.5, 2.25, 3.25, 2.5], "rotation": 270, "texture": "#0"},
				"down": {"uv": [3.25, 2.75, 3.5, 3], "rotation": 270, "texture": "#0"}
			}
		},
		{
			"name": "skill8_0_17",
			"from": [7.5, 12.25, 5.25],
			"to": [8.5, 13, 5.5],
			"faces": {
				"north": {"uv": [5.25, 2.25, 5.5, 3], "texture": "#0"},
				"east": {"uv": [5.25, 3, 5.5, 2.25], "rotation": 180, "texture": "#0"},
				"south": {"uv": [5.25, 2.25, 5.5, 3], "texture": "#0"},
				"west": {"uv": [5.25, 2.25, 5.5, 3], "texture": "#0"},
				"up": {"uv": [5.5, 2.25, 5.25, 2.5], "rotation": 270, "texture": "#0"},
				"down": {"uv": [5.25, 2.75, 5.5, 3], "rotation": 270, "texture": "#0"}
			}
		},
		{
			"name": "skill8_0_18",
			"from": [7.5, 12.25, 11],
			"to": [8.5, 13, 11.25],
			"faces": {
				"north": {"uv": [11, 2.25, 11.25, 3], "texture": "#0"},
				"east": {"uv": [11, 3, 11.25, 2.25], "rotation": 180, "texture": "#0"},
				"south": {"uv": [11, 2.25, 11.25, 3], "texture": "#0"},
				"west": {"uv": [11, 2.25, 11.25, 3], "texture": "#0"},
				"up": {"uv": [11.25, 2.25, 11, 2.5], "rotation": 270, "texture": "#0"},
				"down": {"uv": [11, 2.75, 11.25, 3], "rotation": 270, "texture": "#0"}
			}
		},
		{
			"name": "skill8_0_19",
			"from": [7.5, 9.25, 12],
			"to": [8.5, 13, 12.25],
			"faces": {
				"north": {"uv": [12, 2.25, 12.25, 6], "texture": "#0"},
				"east": {"uv": [12, 6, 12.25, 2.25], "rotation": 180, "texture": "#0"},
				"south": {"uv": [12, 2.25, 12.25, 6], "texture": "#0"},
				"west": {"uv": [12, 2.25, 12.25, 6], "texture": "#0"},
				"up": {"uv": [12.25, 2.25, 12, 2.5], "rotation": 270, "texture": "#0"},
				"down": {"uv": [12, 5.75, 12.25, 6], "rotation": 270, "texture": "#0"}
			}
		},
		{
			"name": "skill8_0_20",
			"from": [7.5, 12.5, 3],
			"to": [8.5, 12.75, 3.25],
			"faces": {
				"north": {"uv": [3, 2.5, 3.25, 2.75], "texture": "#0"},
				"east": {"uv": [3, 2.75, 3.25, 2.5], "rotation": 180, "texture": "#0"},
				"south": {"uv": [3, 2.5, 3.25, 2.75], "texture": "#0"},
				"west": {"uv": [3, 2.5, 3.25, 2.75], "texture": "#0"},
				"up": {"uv": [3.25, 2.5, 3, 2.75], "rotation": 270, "texture": "#0"},
				"down": {"uv": [3, 2.5, 3.25, 2.75], "rotation": 270, "texture": "#0"}
			}
		},
		{
			"name": "skill8_0_21",
			"from": [7.5, 12.5, 5.5],
			"to": [8.5, 12.75, 5.75],
			"faces": {
				"north": {"uv": [5.5, 2.5, 5.75, 2.75], "texture": "#0"},
				"east": {"uv": [5.5, 2.75, 5.75, 2.5], "rotation": 180, "texture": "#0"},
				"south": {"uv": [5.5, 2.5, 5.75, 2.75], "texture": "#0"},
				"west": {"uv": [5.5, 2.5, 5.75, 2.75], "texture": "#0"},
				"up": {"uv": [5.75, 2.5, 5.5, 2.75], "rotation": 270, "texture": "#0"},
				"down": {"uv": [5.5, 2.5, 5.75, 2.75], "rotation": 270, "texture": "#0"}
			}
		},
		{
			"name": "skill8_0_22",
			"from": [7.5, 12, 7.25],
			"to": [8.5, 12.75, 7.5],
			"faces": {
				"north": {"uv": [7.25, 2.5, 7.5, 3.25], "texture": "#0"},
				"east": {"uv": [7.25, 3.25, 7.5, 2.5], "rotation": 180, "texture": "#0"},
				"south": {"uv": [7.25, 2.5, 7.5, 3.25], "texture": "#0"},
				"west": {"uv": [7.25, 2.5, 7.5, 3.25], "texture": "#0"},
				"up": {"uv": [7.5, 2.5, 7.25, 2.75], "rotation": 270, "texture": "#0"},
				"down": {"uv": [7.25, 3, 7.5, 3.25], "rotation": 270, "texture": "#0"}
			}
		},
		{
			"name": "skill8_0_23",
			"from": [7.5, 12, 8.25],
			"to": [8.5, 12.75, 8.5],
			"faces": {
				"north": {"uv": [8.25, 2.5, 8.5, 3.25], "texture": "#0"},
				"east": {"uv": [8.25, 3.25, 8.5, 2.5], "rotation": 180, "texture": "#0"},
				"south": {"uv": [8.25, 2.5, 8.5, 3.25], "texture": "#0"},
				"west": {"uv": [8.25, 2.5, 8.5, 3.25], "texture": "#0"},
				"up": {"uv": [8.5, 2.5, 8.25, 2.75], "rotation": 270, "texture": "#0"},
				"down": {"uv": [8.25, 3, 8.5, 3.25], "rotation": 270, "texture": "#0"}
			}
		},
		{
			"name": "skill8_0_24",
			"from": [7.5, 12.5, 10.75],
			"to": [8.5, 12.75, 11],
			"faces": {
				"north": {"uv": [10.75, 2.5, 11, 2.75], "texture": "#0"},
				"east": {"uv": [10.75, 2.75, 11, 2.5], "rotation": 180, "texture": "#0"},
				"south": {"uv": [10.75, 2.5, 11, 2.75], "texture": "#0"},
				"west": {"uv": [10.75, 2.5, 11, 2.75], "texture": "#0"},
				"up": {"uv": [11, 2.5, 10.75, 2.75], "rotation": 270, "texture": "#0"},
				"down": {"uv": [10.75, 2.5, 11, 2.75], "rotation": 270, "texture": "#0"}
			}
		},
		{
			"name": "skill8_0_25",
			"from": [7.5, 11, 11.25],
			"to": [8.5, 12.75, 11.5],
			"faces": {
				"north": {"uv": [11.25, 2.5, 11.5, 4.25], "texture": "#0"},
				"east": {"uv": [11.25, 4.25, 11.5, 2.5], "rotation": 180, "texture": "#0"},
				"south": {"uv": [11.25, 2.5, 11.5, 4.25], "texture": "#0"},
				"west": {"uv": [11.25, 2.5, 11.5, 4.25], "texture": "#0"},
				"up": {"uv": [11.5, 2.5, 11.25, 2.75], "rotation": 270, "texture": "#0"},
				"down": {"uv": [11.25, 4, 11.5, 4.25], "rotation": 270, "texture": "#0"}
			}
		},
		{
			"name": "skill8_0_26",
			"from": [7.5, 9.5, 11.75],
			"to": [8.5, 12.75, 12],
			"faces": {
				"north": {"uv": [11.75, 2.5, 12, 5.75], "texture": "#0"},
				"east": {"uv": [11.75, 5.75, 12, 2.5], "rotation": 180, "texture": "#0"},
				"south": {"uv": [11.75, 2.5, 12, 5.75], "texture": "#0"},
				"west": {"uv": [11.75, 2.5, 12, 5.75], "texture": "#0"},
				"up": {"uv": [12, 2.5, 11.75, 2.75], "rotation": 270, "texture": "#0"},
				"down": {"uv": [11.75, 5.5, 12, 5.75], "rotation": 270, "texture": "#0"}
			}
		},
		{
			"name": "skill8_0_27",
			"from": [7.5, 8, 12.25],
			"to": [8.5, 12.75, 12.5],
			"faces": {
				"north": {"uv": [12.25, 2.5, 12.5, 7.25], "texture": "#0"},
				"east": {"uv": [12.25, 7.25, 12.5, 2.5], "rotation": 180, "texture": "#0"},
				"south": {"uv": [12.25, 2.5, 12.5, 7.25], "texture": "#0"},
				"west": {"uv": [12.25, 2.5, 12.5, 7.25], "texture": "#0"},
				"up": {"uv": [12.5, 2.5, 12.25, 2.75], "rotation": 270, "texture": "#0"},
				"down": {"uv": [12.25, 7, 12.5, 7.25], "rotation": 270, "texture": "#0"}
			}
		},
		{
			"name": "skill8_0_28",
			"from": [7.5, 12.25, 7],
			"to": [8.5, 12.5, 7.25],
			"faces": {
				"north": {"uv": [7, 2.75, 7.25, 3], "texture": "#0"},
				"east": {"uv": [7, 3, 7.25, 2.75], "rotation": 180, "texture": "#0"},
				"south": {"uv": [7, 2.75, 7.25, 3], "texture": "#0"},
				"west": {"uv": [7, 2.75, 7.25, 3], "texture": "#0"},
				"up": {"uv": [7.25, 2.75, 7, 3], "rotation": 270, "texture": "#0"},
				"down": {"uv": [7, 2.75, 7.25, 3], "rotation": 270, "texture": "#0"}
			}
		},
		{
			"name": "skill8_0_29",
			"from": [7.5, 12.25, 8.5],
			"to": [8.5, 12.5, 8.75],
			"faces": {
				"north": {"uv": [8.5, 2.75, 8.75, 3], "texture": "#0"},
				"east": {"uv": [8.5, 3, 8.75, 2.75], "rotation": 180, "texture": "#0"},
				"south": {"uv": [8.5, 2.75, 8.75, 3], "texture": "#0"},
				"west": {"uv": [8.5, 2.75, 8.75, 3], "texture": "#0"},
				"up": {"uv": [8.75, 2.75, 8.5, 3], "rotation": 270, "texture": "#0"},
				"down": {"uv": [8.5, 2.75, 8.75, 3], "rotation": 270, "texture": "#0"}
			}
		},
		{
			"name": "skill8_0_30",
			"from": [7.5, 10.75, 11.5],
			"to": [8.5, 12.5, 11.75],
			"faces": {
				"north": {"uv": [11.5, 2.75, 11.75, 4.5], "texture": "#0"},
				"east": {"uv": [11.5, 4.5, 11.75, 2.75], "rotation": 180, "texture": "#0"},
				"south": {"uv": [11.5, 2.75, 11.75, 4.5], "texture": "#0"},
				"west": {"uv": [11.5, 2.75, 11.75, 4.5], "texture": "#0"},
				"up": {"uv": [11.75, 2.75, 11.5, 3], "rotation": 270, "texture": "#0"},
				"down": {"uv": [11.5, 4.25, 11.75, 4.5], "rotation": 270, "texture": "#0"}
			}
		},
		{
			"name": "skill8_0_31",
			"from": [7.5, 7.75, 12.5],
			"to": [8.5, 12.5, 12.75],
			"faces": {
				"north": {"uv": [12.5, 2.75, 12.75, 7.5], "texture": "#0"},
				"east": {"uv": [12.5, 7.5, 12.75, 2.75], "rotation": 180, "texture": "#0"},
				"south": {"uv": [12.5, 2.75, 12.75, 7.5], "texture": "#0"},
				"west": {"uv": [12.5, 2.75, 12.75, 7.5], "texture": "#0"},
				"up": {"uv": [12.75, 2.75, 12.5, 3], "rotation": 270, "texture": "#0"},
				"down": {"uv": [12.5, 7.25, 12.75, 7.5], "rotation": 270, "texture": "#0"}
			}
		},
		{
			"name": "skill8_0_32",
			"from": [7.5, 5.75, 12.75],
			"to": [8.5, 12.25, 13],
			"faces": {
				"north": {"uv": [12.75, 3, 13, 9.5], "texture": "#0"},
				"east": {"uv": [12.75, 9.5, 13, 3], "rotation": 180, "texture": "#0"},
				"south": {"uv": [12.75, 3, 13, 9.5], "texture": "#0"},
				"west": {"uv": [12.75, 3, 13, 9.5], "texture": "#0"},
				"up": {"uv": [13, 3, 12.75, 3.25], "rotation": 270, "texture": "#0"},
				"down": {"uv": [12.75, 9.25, 13, 9.5], "rotation": 270, "texture": "#0"}
			}
		},
		{
			"name": "skill8_0_33",
			"from": [7.5, 5, 3.25],
			"to": [8.5, 12, 3.5],
			"faces": {
				"north": {"uv": [3.25, 3.25, 3.5, 10.25], "texture": "#0"},
				"east": {"uv": [3.25, 10.25, 3.5, 3.25], "rotation": 180, "texture": "#0"},
				"south": {"uv": [3.25, 3.25, 3.5, 10.25], "texture": "#0"},
				"west": {"uv": [3.25, 3.25, 3.5, 10.25], "texture": "#0"},
				"up": {"uv": [3.5, 3.25, 3.25, 3.5], "rotation": 270, "texture": "#0"},
				"down": {"uv": [3.25, 10, 3.5, 10.25], "rotation": 270, "texture": "#0"}
			}
		},
		{
			"name": "skill8_0_34",
			"from": [7.5, 11.25, 5.25],
			"to": [8.5, 12, 5.5],
			"faces": {
				"north": {"uv": [5.25, 3.25, 5.5, 4], "texture": "#0"},
				"east": {"uv": [5.25, 4, 5.5, 3.25], "rotation": 180, "texture": "#0"},
				"south": {"uv": [5.25, 3.25, 5.5, 4], "texture": "#0"},
				"west": {"uv": [5.25, 3.25, 5.5, 4], "texture": "#0"},
				"up": {"uv": [5.5, 3.25, 5.25, 3.5], "rotation": 270, "texture": "#0"},
				"down": {"uv": [5.25, 3.75, 5.5, 4], "rotation": 270, "texture": "#0"}
			}
		},
		{
			"name": "skill8_0_35",
			"from": [7.5, 11.25, 11],
			"to": [8.5, 12, 11.25],
			"faces": {
				"north": {"uv": [11, 3.25, 11.25, 4], "texture": "#0"},
				"east": {"uv": [11, 4, 11.25, 3.25], "rotation": 180, "texture": "#0"},
				"south": {"uv": [11, 3.25, 11.25, 4], "texture": "#0"},
				"west": {"uv": [11, 3.25, 11.25, 4], "texture": "#0"},
				"up": {"uv": [11.25, 3.25, 11, 3.5], "rotation": 270, "texture": "#0"},
				"down": {"uv": [11, 3.75, 11.25, 4], "rotation": 270, "texture": "#0"}
			}
		},
		{
			"name": "skill8_0_36",
			"from": [7.5, 11.25, 13],
			"to": [8.5, 12, 13.25],
			"faces": {
				"north": {"uv": [13, 3.25, 13.25, 4], "texture": "#0"},
				"east": {"uv": [13, 4, 13.25, 3.25], "rotation": 180, "texture": "#0"},
				"south": {"uv": [13, 3.25, 13.25, 4], "texture": "#0"},
				"west": {"uv": [13, 3.25, 13.25, 4], "texture": "#0"},
				"up": {"uv": [13.25, 3.25, 13, 3.5], "rotation": 270, "texture": "#0"},
				"down": {"uv": [13, 3.75, 13.25, 4], "rotation": 270, "texture": "#0"}
			}
		},
		{
			"name": "skill8_0_37",
			"from": [7.5, 11.5, 2],
			"to": [8.5, 11.75, 2.5],
			"faces": {
				"north": {"uv": [2, 3.5, 2.25, 3.75], "texture": "#0"},
				"east": {"uv": [2, 3.75, 2.5, 3.5], "rotation": 180, "texture": "#0"},
				"south": {"uv": [2.25, 3.5, 2.5, 3.75], "texture": "#0"},
				"west": {"uv": [2, 3.5, 2.5, 3.75], "texture": "#0"},
				"up": {"uv": [2.5, 3.5, 2, 3.75], "rotation": 270, "texture": "#0"},
				"down": {"uv": [2, 3.5, 2.5, 3.75], "rotation": 270, "texture": "#0"}
			}
		},
		{
			"name": "skill8_0_38",
			"from": [7.5, 5.25, 3],
			"to": [8.5, 11.75, 3.25],
			"faces": {
				"north": {"uv": [3, 3.5, 3.25, 10], "texture": "#0"},
				"east": {"uv": [3, 10, 3.25, 3.5], "rotation": 180, "texture": "#0"},
				"south": {"uv": [3, 3.5, 3.25, 10], "texture": "#0"},
				"west": {"uv": [3, 3.5, 3.25, 10], "texture": "#0"},
				"up": {"uv": [3.25, 3.5, 3, 3.75], "rotation": 270, "texture": "#0"},
				"down": {"uv": [3, 9.75, 3.25, 10], "rotation": 270, "texture": "#0"}
			}
		},
		{
			"name": "skill8_0_39",
			"from": [7.5, 11.5, 5.5],
			"to": [8.5, 11.75, 5.75],
			"faces": {
				"north": {"uv": [5.5, 3.5, 5.75, 3.75], "texture": "#0"},
				"east": {"uv": [5.5, 3.75, 5.75, 3.5], "rotation": 180, "texture": "#0"},
				"south": {"uv": [5.5, 3.5, 5.75, 3.75], "texture": "#0"},
				"west": {"uv": [5.5, 3.5, 5.75, 3.75], "texture": "#0"},
				"up": {"uv": [5.75, 3.5, 5.5, 3.75], "rotation": 270, "texture": "#0"},
				"down": {"uv": [5.5, 3.5, 5.75, 3.75], "rotation": 270, "texture": "#0"}
			}
		},
		{
			"name": "skill8_0_40",
			"from": [7.5, 11, 7.25],
			"to": [8.5, 11.75, 7.5],
			"faces": {
				"north": {"uv": [7.25, 3.5, 7.5, 4.25], "texture": "#0"},
				"east": {"uv": [7.25, 4.25, 7.5, 3.5], "rotation": 180, "texture": "#0"},
				"south": {"uv": [7.25, 3.5, 7.5, 4.25], "texture": "#0"},
				"west": {"uv": [7.25, 3.5, 7.5, 4.25], "texture": "#0"},
				"up": {"uv": [7.5, 3.5, 7.25, 3.75], "rotation": 270, "texture": "#0"},
				"down": {"uv": [7.25, 4, 7.5, 4.25], "rotation": 270, "texture": "#0"}
			}
		},
		{
			"name": "skill8_0_41",
			"from": [7.5, 11, 8.25],
			"to": [8.5, 11.75, 8.5],
			"faces": {
				"north": {"uv": [8.25, 3.5, 8.5, 4.25], "texture": "#0"},
				"east": {"uv": [8.25, 4.25, 8.5, 3.5], "rotation": 180, "texture": "#0"},
				"south": {"uv": [8.25, 3.5, 8.5, 4.25], "texture": "#0"},
				"west": {"uv": [8.25, 3.5, 8.5, 4.25], "texture": "#0"},
				"up": {"uv": [8.5, 3.5, 8.25, 3.75], "rotation": 270, "texture": "#0"},
				"down": {"uv": [8.25, 4, 8.5, 4.25], "rotation": 270, "texture": "#0"}
			}
		},
		{
			"name": "skill8_0_42",
			"from": [7.5, 11.5, 10.75],
			"to": [8.5, 11.75, 11],
			"faces": {
				"north": {"uv": [10.75, 3.5, 11, 3.75], "texture": "#0"},
				"east": {"uv": [10.75, 3.75, 11, 3.5], "rotation": 180, "texture": "#0"},
				"south": {"uv": [10.75, 3.5, 11, 3.75], "texture": "#0"},
				"west": {"uv": [10.75, 3.5, 11, 3.75], "texture": "#0"},
				"up": {"uv": [11, 3.5, 10.75, 3.75], "rotation": 270, "texture": "#0"},
				"down": {"uv": [10.75, 3.5, 11, 3.75], "rotation": 270, "texture": "#0"}
			}
		},
		{
			"name": "skill8_0_43",
			"from": [7.5, 11.5, 13.25],
			"to": [8.5, 11.75, 13.5],
			"faces": {
				"north": {"uv": [13.25, 3.5, 13.5, 3.75], "texture": "#0"},
				"east": {"uv": [13.25, 3.75, 13.5, 3.5], "rotation": 180, "texture": "#0"},
				"south": {"uv": [13.25, 3.5, 13.5, 3.75], "texture": "#0"},
				"west": {"uv": [13.25, 3.5, 13.5, 3.75], "texture": "#0"},
				"up": {"uv": [13.5, 3.5, 13.25, 3.75], "rotation": 270, "texture": "#0"},
				"down": {"uv": [13.25, 3.5, 13.5, 3.75], "rotation": 270, "texture": "#0"}
			}
		},
		{
			"name": "skill8_0_44",
			"from": [7.5, 11.25, 2.25],
			"to": [8.5, 11.5, 3],
			"faces": {
				"north": {"uv": [2.25, 3.75, 2.5, 4], "texture": "#0"},
				"east": {"uv": [2.25, 4, 3, 3.75], "rotation": 180, "texture": "#0"},
				"south": {"uv": [2.75, 3.75, 3, 4], "texture": "#0"},
				"west": {"uv": [2.25, 3.75, 3, 4], "texture": "#0"},
				"up": {"uv": [3, 3.75, 2.25, 4], "rotation": 270, "texture": "#0"},
				"down": {"uv": [2.25, 3.75, 3, 4], "rotation": 270, "texture": "#0"}
			}
		},
		{
			"name": "skill8_0_45",
			"from": [7.5, 11.25, 7],
			"to": [8.5, 11.5, 7.25],
			"faces": {
				"north": {"uv": [7, 3.75, 7.25, 4], "texture": "#0"},
				"east": {"uv": [7, 4, 7.25, 3.75], "rotation": 180, "texture": "#0"},
				"south": {"uv": [7, 3.75, 7.25, 4], "texture": "#0"},
				"west": {"uv": [7, 3.75, 7.25, 4], "texture": "#0"},
				"up": {"uv": [7.25, 3.75, 7, 4], "rotation": 270, "texture": "#0"},
				"down": {"uv": [7, 3.75, 7.25, 4], "rotation": 270, "texture": "#0"}
			}
		},
		{
			"name": "skill8_0_46",
			"from": [7.5, 11.25, 8.5],
			"to": [8.5, 11.5, 8.75],
			"faces": {
				"north": {"uv": [8.5, 3.75, 8.75, 4], "texture": "#0"},
				"east": {"uv": [8.5, 4, 8.75, 3.75], "rotation": 180, "texture": "#0"},
				"south": {"uv": [8.5, 3.75, 8.75, 4], "texture": "#0"},
				"west": {"uv": [8.5, 3.75, 8.75, 4], "texture": "#0"},
				"up": {"uv": [8.75, 3.75, 8.5, 4], "rotation": 270, "texture": "#0"},
				"down": {"uv": [8.5, 3.75, 8.75, 4], "rotation": 270, "texture": "#0"}
			}
		},
		{
			"name": "skill8_0_47",
			"from": [7.5, 9.75, 2.5],
			"to": [8.5, 11.25, 3],
			"faces": {
				"north": {"uv": [2.5, 4, 2.75, 5.5], "texture": "#0"},
				"east": {"uv": [2.5, 5.5, 3, 4], "rotation": 180, "texture": "#0"},
				"south": {"uv": [2.75, 4, 3, 5.5], "texture": "#0"},
				"west": {"uv": [2.5, 4, 3, 5.5], "texture": "#0"},
				"up": {"uv": [3, 4, 2.5, 4.25], "rotation": 270, "texture": "#0"},
				"down": {"uv": [2.5, 5.25, 3, 5.5], "rotation": 270, "texture": "#0"}
			}
		},
		{
			"name": "skill8_0_48",
			"from": [7.5, 10, 2.25],
			"to": [8.5, 11, 2.5],
			"faces": {
				"north": {"uv": [2.25, 4.25, 2.5, 5.25], "texture": "#0"},
				"east": {"uv": [2.25, 5.25, 2.5, 4.25], "rotation": 180, "texture": "#0"},
				"south": {"uv": [2.25, 4.25, 2.5, 5.25], "texture": "#0"},
				"west": {"uv": [2.25, 4.25, 2.5, 5.25], "texture": "#0"},
				"up": {"uv": [2.5, 4.25, 2.25, 4.5], "rotation": 270, "texture": "#0"},
				"down": {"uv": [2.25, 5, 2.5, 5.25], "rotation": 270, "texture": "#0"}
			}
		},
		{
			"name": "skill8_0_49",
			"from": [7.5, 6, 13],
			"to": [8.5, 11, 13.25],
			"faces": {
				"north": {"uv": [13, 4.25, 13.25, 9.25], "texture": "#0"},
				"east": {"uv": [13, 9.25, 13.25, 4.25], "rotation": 180, "texture": "#0"},
				"south": {"uv": [13, 4.25, 13.25, 9.25], "texture": "#0"},
				"west": {"uv": [13, 4.25, 13.25, 9.25], "texture": "#0"},
				"up": {"uv": [13.25, 4.25, 13, 4.5], "rotation": 270, "texture": "#0"},
				"down": {"uv": [13, 9, 13.25, 9.25], "rotation": 270, "texture": "#0"}
			}
		},
		{
			"name": "skill8_0_50",
			"from": [7.5, 10.25, 2],
			"to": [8.5, 10.75, 2.25],
			"faces": {
				"north": {"uv": [2, 4.5, 2.25, 5], "texture": "#0"},
				"east": {"uv": [2, 5, 2.25, 4.5], "rotation": 180, "texture": "#0"},
				"south": {"uv": [2, 4.5, 2.25, 5], "texture": "#0"},
				"west": {"uv": [2, 4.5, 2.25, 5], "texture": "#0"},
				"up": {"uv": [2.25, 4.5, 2, 4.75], "rotation": 270, "texture": "#0"},
				"down": {"uv": [2, 4.75, 2.25, 5], "rotation": 270, "texture": "#0"}
			}
		},
		{
			"name": "skill8_0_51",
			"from": [7.5, 9, 6.25],
			"to": [8.5, 10.75, 6.5],
			"faces": {
				"north": {"uv": [6.25, 4.5, 6.5, 6.25], "texture": "#0"},
				"east": {"uv": [6.25, 6.25, 6.5, 4.5], "rotation": 180, "texture": "#0"},
				"south": {"uv": [6.25, 4.5, 6.5, 6.25], "texture": "#0"},
				"west": {"uv": [6.25, 4.5, 6.5, 6.25], "texture": "#0"},
				"up": {"uv": [6.5, 4.5, 6.25, 4.75], "rotation": 270, "texture": "#0"},
				"down": {"uv": [6.25, 6, 6.5, 6.25], "rotation": 270, "texture": "#0"}
			}
		},
		{
			"name": "skill8_0_52",
			"from": [7.5, 8, 7.25],
			"to": [8.5, 10.75, 7.5],
			"faces": {
				"north": {"uv": [7.25, 4.5, 7.5, 7.25], "texture": "#0"},
				"east": {"uv": [7.25, 7.25, 7.5, 4.5], "rotation": 180, "texture": "#0"},
				"south": {"uv": [7.25, 4.5, 7.5, 7.25], "texture": "#0"},
				"west": {"uv": [7.25, 4.5, 7.5, 7.25], "texture": "#0"},
				"up": {"uv": [7.5, 4.5, 7.25, 4.75], "rotation": 270, "texture": "#0"},
				"down": {"uv": [7.25, 7, 7.5, 7.25], "rotation": 270, "texture": "#0"}
			}
		},
		{
			"name": "skill8_0_53",
			"from": [7.5, 0, 8.25],
			"to": [8.5, 10.75, 8.5],
			"faces": {
				"north": {"uv": [8.25, 4.5, 8.5, 15.25], "texture": "#0"},
				"east": {"uv": [8.25, 15.25, 8.5, 4.5], "rotation": 180, "texture": "#0"},
				"south": {"uv": [8.25, 4.5, 8.5, 15.25], "texture": "#0"},
				"west": {"uv": [8.25, 4.5, 8.5, 15.25], "texture": "#0"},
				"up": {"uv": [8.5, 4.5, 8.25, 4.75], "rotation": 270, "texture": "#0"},
				"down": {"uv": [8.25, 15, 8.5, 15.25], "rotation": 270, "texture": "#0"}
			}
		},
		{
			"name": "skill8_0_54",
			"from": [7.5, 9, 9.25],
			"to": [8.5, 10.75, 9.5],
			"faces": {
				"north": {"uv": [9.25, 4.5, 9.5, 6.25], "texture": "#0"},
				"east": {"uv": [9.25, 6.25, 9.5, 4.5], "rotation": 180, "texture": "#0"},
				"south": {"uv": [9.25, 4.5, 9.5, 6.25], "texture": "#0"},
				"west": {"uv": [9.25, 4.5, 9.5, 6.25], "texture": "#0"},
				"up": {"uv": [9.5, 4.5, 9.25, 4.75], "rotation": 270, "texture": "#0"},
				"down": {"uv": [9.25, 6, 9.5, 6.25], "rotation": 270, "texture": "#0"}
			}
		},
		{
			"name": "skill8_0_55",
			"from": [7.5, 6.25, 13.25],
			"to": [8.5, 10.75, 13.5],
			"faces": {
				"north": {"uv": [13.25, 4.5, 13.5, 9], "texture": "#0"},
				"east": {"uv": [13.25, 9, 13.5, 4.5], "rotation": 180, "texture": "#0"},
				"south": {"uv": [13.25, 4.5, 13.5, 9], "texture": "#0"},
				"west": {"uv": [13.25, 4.5, 13.5, 9], "texture": "#0"},
				"up": {"uv": [13.5, 4.5, 13.25, 4.75], "rotation": 270, "texture": "#0"},
				"down": {"uv": [13.25, 8.75, 13.5, 9], "rotation": 270, "texture": "#0"}
			}
		},
		{
			"name": "skill8_0_56",
			"from": [7.5, 10.25, 14],
			"to": [8.5, 10.75, 14.5],
			"faces": {
				"north": {"uv": [14, 4.5, 14.25, 5], "texture": "#0"},
				"east": {"uv": [14, 5, 14.5, 4.5], "rotation": 180, "texture": "#0"},
				"south": {"uv": [14.25, 4.5, 14.5, 5], "texture": "#0"},
				"west": {"uv": [14, 4.5, 14.5, 5], "texture": "#0"},
				"up": {"uv": [14.5, 4.5, 14, 4.75], "rotation": 270, "texture": "#0"},
				"down": {"uv": [14, 4.75, 14.5, 5], "rotation": 270, "texture": "#0"}
			}
		},
		{
			"name": "skill8_0_57",
			"from": [7.5, 8.5, 4.75],
			"to": [8.5, 10.5, 5],
			"faces": {
				"north": {"uv": [4.75, 4.75, 5, 6.75], "texture": "#0"},
				"east": {"uv": [4.75, 6.75, 5, 4.75], "rotation": 180, "texture": "#0"},
				"south": {"uv": [4.75, 4.75, 5, 6.75], "texture": "#0"},
				"west": {"uv": [4.75, 4.75, 5, 6.75], "texture": "#0"},
				"up": {"uv": [5, 4.75, 4.75, 5], "rotation": 270, "texture": "#0"},
				"down": {"uv": [4.75, 6.5, 5, 6.75], "rotation": 270, "texture": "#0"}
			}
		},
		{
			"name": "skill8_0_58",
			"from": [7.5, 8.75, 6],
			"to": [8.5, 10.5, 6.25],
			"faces": {
				"north": {"uv": [6, 4.75, 6.25, 6.5], "texture": "#0"},
				"east": {"uv": [6, 6.5, 6.25, 4.75], "rotation": 180, "texture": "#0"},
				"south": {"uv": [6, 4.75, 6.25, 6.5], "texture": "#0"},
				"west": {"uv": [6, 4.75, 6.25, 6.5], "texture": "#0"},
				"up": {"uv": [6.25, 4.75, 6, 5], "rotation": 270, "texture": "#0"},
				"down": {"uv": [6, 6.25, 6.25, 6.5], "rotation": 270, "texture": "#0"}
			}
		},
		{
			"name": "skill8_0_59",
			"from": [7.5, 8.75, 6.5],
			"to": [8.5, 10.5, 6.75],
			"faces": {
				"north": {"uv": [6.5, 4.75, 6.75, 6.5], "texture": "#0"},
				"east": {"uv": [6.5, 6.5, 6.75, 4.75], "rotation": 180, "texture": "#0"},
				"south": {"uv": [6.5, 4.75, 6.75, 6.5], "texture": "#0"},
				"west": {"uv": [6.5, 4.75, 6.75, 6.5], "texture": "#0"},
				"up": {"uv": [6.75, 4.75, 6.5, 5], "rotation": 270, "texture": "#0"},
				"down": {"uv": [6.5, 6.25, 6.75, 6.5], "rotation": 270, "texture": "#0"}
			}
		},
		{
			"name": "skill8_0_60",
			"from": [7.5, 8.25, 7],
			"to": [8.5, 10.5, 7.25],
			"faces": {
				"north": {"uv": [7, 4.75, 7.25, 7], "texture": "#0"},
				"east": {"uv": [7, 7, 7.25, 4.75], "rotation": 180, "texture": "#0"},
				"south": {"uv": [7, 4.75, 7.25, 7], "texture": "#0"},
				"west": {"uv": [7, 4.75, 7.25, 7], "texture": "#0"},
				"up": {"uv": [7.25, 4.75, 7, 5], "rotation": 270, "texture": "#0"},
				"down": {"uv": [7, 6.75, 7.25, 7], "rotation": 270, "texture": "#0"}
			}
		},
		{
			"name": "skill8_0_61",
			"from": [7.5, 0, 8.5],
			"to": [8.5, 10.5, 8.75],
			"faces": {
				"north": {"uv": [8.5, 4.75, 8.75, 15.25], "texture": "#0"},
				"east": {"uv": [8.5, 15.25, 8.75, 4.75], "rotation": 180, "texture": "#0"},
				"south": {"uv": [8.5, 4.75, 8.75, 15.25], "texture": "#0"},
				"west": {"uv": [8.5, 4.75, 8.75, 15.25], "texture": "#0"},
				"up": {"uv": [8.75, 4.75, 8.5, 5], "rotation": 270, "texture": "#0"},
				"down": {"uv": [8.5, 15, 8.75, 15.25], "rotation": 270, "texture": "#0"}
			}
		},
		{
			"name": "skill8_0_62",
			"from": [7.5, 8.75, 9],
			"to": [8.5, 10.5, 9.25],
			"faces": {
				"north": {"uv": [9, 4.75, 9.25, 6.5], "texture": "#0"},
				"east": {"uv": [9, 6.5, 9.25, 4.75], "rotation": 180, "texture": "#0"},
				"south": {"uv": [9, 4.75, 9.25, 6.5], "texture": "#0"},
				"west": {"uv": [9, 4.75, 9.25, 6.5], "texture": "#0"},
				"up": {"uv": [9.25, 4.75, 9, 5], "rotation": 270, "texture": "#0"},
				"down": {"uv": [9, 6.25, 9.25, 6.5], "rotation": 270, "texture": "#0"}
			}
		},
		{
			"name": "skill8_0_63",
			"from": [7.5, 8.75, 9.5],
			"to": [8.5, 10.5, 9.75],
			"faces": {
				"north": {"uv": [9.5, 4.75, 9.75, 6.5], "texture": "#0"},
				"east": {"uv": [9.5, 6.5, 9.75, 4.75], "rotation": 180, "texture": "#0"},
				"south": {"uv": [9.5, 4.75, 9.75, 6.5], "texture": "#0"},
				"west": {"uv": [9.5, 4.75, 9.75, 6.5], "texture": "#0"},
				"up": {"uv": [9.75, 4.75, 9.5, 5], "rotation": 270, "texture": "#0"},
				"down": {"uv": [9.5, 6.25, 9.75, 6.5], "rotation": 270, "texture": "#0"}
			}
		},
		{
			"name": "skill8_0_64",
			"from": [7.5, 9.75, 11.5],
			"to": [8.5, 10.5, 11.75],
			"faces": {
				"north": {"uv": [11.5, 4.75, 11.75, 5.5], "texture": "#0"},
				"east": {"uv": [11.5, 5.5, 11.75, 4.75], "rotation": 180, "texture": "#0"},
				"south": {"uv": [11.5, 4.75, 11.75, 5.5], "texture": "#0"},
				"west": {"uv": [11.5, 4.75, 11.75, 5.5], "texture": "#0"},
				"up": {"uv": [11.75, 4.75, 11.5, 5], "rotation": 270, "texture": "#0"},
				"down": {"uv": [11.5, 5.25, 11.75, 5.5], "rotation": 270, "texture": "#0"}
			}
		},
		{
			"name": "skill8_0_65",
			"from": [7.5, 9.75, 13.5],
			"to": [8.5, 10.5, 14],
			"faces": {
				"north": {"uv": [13.5, 4.75, 13.75, 5.5], "texture": "#0"},
				"east": {"uv": [13.5, 5.5, 14, 4.75], "rotation": 180, "texture": "#0"},
				"south": {"uv": [13.75, 4.75, 14, 5.5], "texture": "#0"},
				"west": {"uv": [13.5, 4.75, 14, 5.5], "texture": "#0"},
				"up": {"uv": [14, 4.75, 13.5, 5], "rotation": 270, "texture": "#0"},
				"down": {"uv": [13.5, 5.25, 14, 5.5], "rotation": 270, "texture": "#0"}
			}
		},
		{
			"name": "skill8_0_66",
			"from": [7.5, 8.75, 5],
			"to": [8.5, 10.25, 5.25],
			"faces": {
				"north": {"uv": [5, 5, 5.25, 6.5], "texture": "#0"},
				"east": {"uv": [5, 6.5, 5.25, 5], "rotation": 180, "texture": "#0"},
				"south": {"uv": [5, 5, 5.25, 6.5], "texture": "#0"},
				"west": {"uv": [5, 5, 5.25, 6.5], "texture": "#0"},
				"up": {"uv": [5.25, 5, 5, 5.25], "rotation": 270, "texture": "#0"},
				"down": {"uv": [5, 6.25, 5.25, 6.5], "rotation": 270, "texture": "#0"}
			}
		},
		{
			"name": "skill8_0_67",
			"from": [7.5, 8.5, 5.75],
			"to": [8.5, 10.25, 6],
			"faces": {
				"north": {"uv": [5.75, 5, 6, 6.75], "texture": "#0"},
				"east": {"uv": [5.75, 6.75, 6, 5], "rotation": 180, "texture": "#0"},
				"south": {"uv": [5.75, 5, 6, 6.75], "texture": "#0"},
				"west": {"uv": [5.75, 5, 6, 6.75], "texture": "#0"},
				"up": {"uv": [6, 5, 5.75, 5.25], "rotation": 270, "texture": "#0"},
				"down": {"uv": [5.75, 6.5, 6, 6.75], "rotation": 270, "texture": "#0"}
			}
		},
		{
			"name": "skill8_0_68",
			"from": [7.5, 8.5, 6.75],
			"to": [8.5, 10.25, 7],
			"faces": {
				"north": {"uv": [6.75, 5, 7, 6.75], "texture": "#0"},
				"east": {"uv": [6.75, 6.75, 7, 5], "rotation": 180, "texture": "#0"},
				"south": {"uv": [6.75, 5, 7, 6.75], "texture": "#0"},
				"west": {"uv": [6.75, 5, 7, 6.75], "texture": "#0"},
				"up": {"uv": [7, 5, 6.75, 5.25], "rotation": 270, "texture": "#0"},
				"down": {"uv": [6.75, 6.5, 7, 6.75], "rotation": 270, "texture": "#0"}
			}
		},
		{
			"name": "skill8_0_69",
			"from": [7.5, 8.5, 8.75],
			"to": [8.5, 10.25, 9],
			"faces": {
				"north": {"uv": [8.75, 5, 9, 6.75], "texture": "#0"},
				"east": {"uv": [8.75, 6.75, 9, 5], "rotation": 180, "texture": "#0"},
				"south": {"uv": [8.75, 5, 9, 6.75], "texture": "#0"},
				"west": {"uv": [8.75, 5, 9, 6.75], "texture": "#0"},
				"up": {"uv": [9, 5, 8.75, 5.25], "rotation": 270, "texture": "#0"},
				"down": {"uv": [8.75, 6.5, 9, 6.75], "rotation": 270, "texture": "#0"}
			}
		},
		{
			"name": "skill8_0_70",
			"from": [7.5, 8.5, 9.75],
			"to": [8.5, 10.25, 10],
			"faces": {
				"north": {"uv": [9.75, 5, 10, 6.75], "texture": "#0"},
				"east": {"uv": [9.75, 6.75, 10, 5], "rotation": 180, "texture": "#0"},
				"south": {"uv": [9.75, 5, 10, 6.75], "texture": "#0"},
				"west": {"uv": [9.75, 5, 10, 6.75], "texture": "#0"},
				"up": {"uv": [10, 5, 9.75, 5.25], "rotation": 270, "texture": "#0"},
				"down": {"uv": [9.75, 6.5, 10, 6.75], "rotation": 270, "texture": "#0"}
			}
		},
		{
			"name": "skill8_0_71",
			"from": [7.5, 8.5, 10.75],
			"to": [8.5, 10.25, 11],
			"faces": {
				"north": {"uv": [10.75, 5, 11, 6.75], "texture": "#0"},
				"east": {"uv": [10.75, 6.75, 11, 5], "rotation": 180, "texture": "#0"},
				"south": {"uv": [10.75, 5, 11, 6.75], "texture": "#0"},
				"west": {"uv": [10.75, 5, 11, 6.75], "texture": "#0"},
				"up": {"uv": [11, 5, 10.75, 5.25], "rotation": 270, "texture": "#0"},
				"down": {"uv": [10.75, 6.5, 11, 6.75], "rotation": 270, "texture": "#0"}
			}
		},
		{
			"name": "skill8_0_72",
			"from": [7.5, 10, 11.25],
			"to": [8.5, 10.25, 11.5],
			"faces": {
				"north": {"uv": [11.25, 5, 11.5, 5.25], "texture": "#0"},
				"east": {"uv": [11.25, 5.25, 11.5, 5], "rotation": 180, "texture": "#0"},
				"south": {"uv": [11.25, 5, 11.5, 5.25], "texture": "#0"},
				"west": {"uv": [11.25, 5, 11.5, 5.25], "texture": "#0"},
				"up": {"uv": [11.5, 5, 11.25, 5.25], "rotation": 270, "texture": "#0"},
				"down": {"uv": [11.25, 5, 11.5, 5.25], "rotation": 270, "texture": "#0"}
			}
		},
		{
			"name": "skill8_0_73",
			"from": [7.5, 10, 14],
			"to": [8.5, 10.25, 14.25],
			"faces": {
				"north": {"uv": [14, 5, 14.25, 5.25], "texture": "#0"},
				"east": {"uv": [14, 5.25, 14.25, 5], "rotation": 180, "texture": "#0"},
				"south": {"uv": [14, 5, 14.25, 5.25], "texture": "#0"},
				"west": {"uv": [14, 5, 14.25, 5.25], "texture": "#0"},
				"up": {"uv": [14.25, 5, 14, 5.25], "rotation": 270, "texture": "#0"},
				"down": {"uv": [14, 5, 14.25, 5.25], "rotation": 270, "texture": "#0"}
			}
		},
		{
			"name": "skill8_0_74",
			"from": [7.5, 8.75, 5.5],
			"to": [8.5, 10, 5.75],
			"faces": {
				"north": {"uv": [5.5, 5.25, 5.75, 6.5], "texture": "#0"},
				"east": {"uv": [5.5, 6.5, 5.75, 5.25], "rotation": 180, "texture": "#0"},
				"south": {"uv": [5.5, 5.25, 5.75, 6.5], "texture": "#0"},
				"west": {"uv": [5.5, 5.25, 5.75, 6.5], "texture": "#0"},
				"up": {"uv": [5.75, 5.25, 5.5, 5.5], "rotation": 270, "texture": "#0"},
				"down": {"uv": [5.5, 6.25, 5.75, 6.5], "rotation": 270, "texture": "#0"}
			}
		},
		{
			"name": "skill8_0_75",
			"from": [7.5, 8.75, 10],
			"to": [8.5, 10, 10.25],
			"faces": {
				"north": {"uv": [10, 5.25, 10.25, 6.5], "texture": "#0"},
				"east": {"uv": [10, 6.5, 10.25, 5.25], "rotation": 180, "texture": "#0"},
				"south": {"uv": [10, 5.25, 10.25, 6.5], "texture": "#0"},
				"west": {"uv": [10, 5.25, 10.25, 6.5], "texture": "#0"},
				"up": {"uv": [10.25, 5.25, 10, 5.5], "rotation": 270, "texture": "#0"},
				"down": {"uv": [10, 6.25, 10.25, 6.5], "rotation": 270, "texture": "#0"}
			}
		},
		{
			"name": "skill8_0_76",
			"from": [7.5, 8.75, 10.5],
			"to": [8.5, 10, 10.75],
			"faces": {
				"north": {"uv": [10.5, 5.25, 10.75, 6.5], "texture": "#0"},
				"east": {"uv": [10.5, 6.5, 10.75, 5.25], "rotation": 180, "texture": "#0"},
				"south": {"uv": [10.5, 5.25, 10.75, 6.5], "texture": "#0"},
				"west": {"uv": [10.5, 5.25, 10.75, 6.5], "texture": "#0"},
				"up": {"uv": [10.75, 5.25, 10.5, 5.5], "rotation": 270, "texture": "#0"},
				"down": {"uv": [10.5, 6.25, 10.75, 6.5], "rotation": 270, "texture": "#0"}
			}
		},
		{
			"name": "skill8_0_77",
			"from": [7.5, 8.75, 11],
			"to": [8.5, 10, 11.25],
			"faces": {
				"north": {"uv": [11, 5.25, 11.25, 6.5], "texture": "#0"},
				"east": {"uv": [11, 6.5, 11.25, 5.25], "rotation": 180, "texture": "#0"},
				"south": {"uv": [11, 5.25, 11.25, 6.5], "texture": "#0"},
				"west": {"uv": [11, 5.25, 11.25, 6.5], "texture": "#0"},
				"up": {"uv": [11.25, 5.25, 11, 5.5], "rotation": 270, "texture": "#0"},
				"down": {"uv": [11, 6.25, 11.25, 6.5], "rotation": 270, "texture": "#0"}
			}
		},
		{
			"name": "skill8_0_78",
			"from": [7.5, 6.5, 2.75],
			"to": [8.5, 9.75, 3],
			"faces": {
				"north": {"uv": [2.75, 5.5, 3, 8.75], "texture": "#0"},
				"east": {"uv": [2.75, 8.75, 3, 5.5], "rotation": 180, "texture": "#0"},
				"south": {"uv": [2.75, 5.5, 3, 8.75], "texture": "#0"},
				"west": {"uv": [2.75, 5.5, 3, 8.75], "texture": "#0"},
				"up": {"uv": [3, 5.5, 2.75, 5.75], "rotation": 270, "texture": "#0"},
				"down": {"uv": [2.75, 8.5, 3, 8.75], "rotation": 270, "texture": "#0"}
			}
		},
		{
			"name": "skill8_0_79",
			"from": [7.5, 9, 5.25],
			"to": [8.5, 9.75, 5.5],
			"faces": {
				"north": {"uv": [5.25, 5.5, 5.5, 6.25], "texture": "#0"},
				"east": {"uv": [5.25, 6.25, 5.5, 5.5], "rotation": 180, "texture": "#0"},
				"south": {"uv": [5.25, 5.5, 5.5, 6.25], "texture": "#0"},
				"west": {"uv": [5.25, 5.5, 5.5, 6.25], "texture": "#0"},
				"up": {"uv": [5.5, 5.5, 5.25, 5.75], "rotation": 270, "texture": "#0"},
				"down": {"uv": [5.25, 6, 5.5, 6.25], "rotation": 270, "texture": "#0"}
			}
		},
		{
			"name": "skill8_0_80",
			"from": [7.5, 9, 10.25],
			"to": [8.5, 9.75, 10.5],
			"faces": {
				"north": {"uv": [10.25, 5.5, 10.5, 6.25], "texture": "#0"},
				"east": {"uv": [10.25, 6.25, 10.5, 5.5], "rotation": 180, "texture": "#0"},
				"south": {"uv": [10.25, 5.5, 10.5, 6.25], "texture": "#0"},
				"west": {"uv": [10.25, 5.5, 10.5, 6.25], "texture": "#0"},
				"up": {"uv": [10.5, 5.5, 10.25, 5.75], "rotation": 270, "texture": "#0"},
				"down": {"uv": [10.25, 6, 10.5, 6.25], "rotation": 270, "texture": "#0"}
			}
		},
		{
			"name": "skill8_0_81",
			"from": [7.5, 9, 11.25],
			"to": [8.5, 9.75, 11.5],
			"faces": {
				"north": {"uv": [11.25, 5.5, 11.5, 6.25], "texture": "#0"},
				"east": {"uv": [11.25, 6.25, 11.5, 5.5], "rotation": 180, "texture": "#0"},
				"south": {"uv": [11.25, 5.5, 11.5, 6.25], "texture": "#0"},
				"west": {"uv": [11.25, 5.5, 11.5, 6.25], "texture": "#0"},
				"up": {"uv": [11.5, 5.5, 11.25, 5.75], "rotation": 270, "texture": "#0"},
				"down": {"uv": [11.25, 6, 11.5, 6.25], "rotation": 270, "texture": "#0"}
			}
		},
		{
			"name": "skill8_0_82",
			"from": [7.5, 6.5, 13.5],
			"to": [8.5, 9.75, 13.75],
			"faces": {
				"north": {"uv": [13.5, 5.5, 13.75, 8.75], "texture": "#0"},
				"east": {"uv": [13.5, 8.75, 13.75, 5.5], "rotation": 180, "texture": "#0"},
				"south": {"uv": [13.5, 5.5, 13.75, 8.75], "texture": "#0"},
				"west": {"uv": [13.5, 5.5, 13.75, 8.75], "texture": "#0"},
				"up": {"uv": [13.75, 5.5, 13.5, 5.75], "rotation": 270, "texture": "#0"},
				"down": {"uv": [13.5, 8.5, 13.75, 8.75], "rotation": 270, "texture": "#0"}
			}
		},
		{
			"name": "skill8_0_83",
			"from": [7.5, 9.25, 11.5],
			"to": [8.5, 9.5, 11.75],
			"faces": {
				"north": {"uv": [11.5, 5.75, 11.75, 6], "texture": "#0"},
				"east": {"uv": [11.5, 6, 11.75, 5.75], "rotation": 180, "texture": "#0"},
				"south": {"uv": [11.5, 5.75, 11.75, 6], "texture": "#0"},
				"west": {"uv": [11.5, 5.75, 11.75, 6], "texture": "#0"},
				"up": {"uv": [11.75, 5.75, 11.5, 6], "rotation": 270, "texture": "#0"},
				"down": {"uv": [11.5, 5.75, 11.75, 6], "rotation": 270, "texture": "#0"}
			}
		},
		{
			"name": "skill8_0_84",
			"from": [7.5, 8.75, 1.5],
			"to": [8.5, 9.25, 2],
			"faces": {
				"north": {"uv": [1.5, 6, 1.75, 6.5], "texture": "#0"},
				"east": {"uv": [1.5, 6.5, 2, 6], "rotation": 180, "texture": "#0"},
				"south": {"uv": [1.75, 6, 2, 6.5], "texture": "#0"},
				"west": {"uv": [1.5, 6, 2, 6.5], "texture": "#0"},
				"up": {"uv": [2, 6, 1.5, 6.25], "rotation": 270, "texture": "#0"},
				"down": {"uv": [1.5, 6.25, 2, 6.5], "rotation": 270, "texture": "#0"}
			}
		},
		{
			"name": "skill8_0_85",
			"from": [7.5, 6.75, 2.5],
			"to": [8.5, 9.25, 2.75],
			"faces": {
				"north": {"uv": [2.5, 6, 2.75, 8.5], "texture": "#0"},
				"east": {"uv": [2.5, 8.5, 2.75, 6], "rotation": 180, "texture": "#0"},
				"south": {"uv": [2.5, 6, 2.75, 8.5], "texture": "#0"},
				"west": {"uv": [2.5, 6, 2.75, 8.5], "texture": "#0"},
				"up": {"uv": [2.75, 6, 2.5, 6.25], "rotation": 270, "texture": "#0"},
				"down": {"uv": [2.5, 8.25, 2.75, 8.5], "rotation": 270, "texture": "#0"}
			}
		},
		{
			"name": "skill8_0_86",
			"from": [7.5, 6.75, 13.75],
			"to": [8.5, 9.25, 14],
			"faces": {
				"north": {"uv": [13.75, 6, 14, 8.5], "texture": "#0"},
				"east": {"uv": [13.75, 8.5, 14, 6], "rotation": 180, "texture": "#0"},
				"south": {"uv": [13.75, 6, 14, 8.5], "texture": "#0"},
				"west": {"uv": [13.75, 6, 14, 8.5], "texture": "#0"},
				"up": {"uv": [14, 6, 13.75, 6.25], "rotation": 270, "texture": "#0"},
				"down": {"uv": [13.75, 8.25, 14, 8.5], "rotation": 270, "texture": "#0"}
			}
		},
		{
			"name": "skill8_0_87",
			"from": [7.5, 8.75, 14.5],
			"to": [8.5, 9.25, 15],
			"faces": {
				"north": {"uv": [14.5, 6, 14.75, 6.5], "texture": "#0"},
				"east": {"uv": [14.5, 6.5, 15, 6], "rotation": 180, "texture": "#0"},
				"south": {"uv": [14.75, 6, 15, 6.5], "texture": "#0"},
				"west": {"uv": [14.5, 6, 15, 6.5], "texture": "#0"},
				"up": {"uv": [15, 6, 14.5, 6.25], "rotation": 270, "texture": "#0"},
				"down": {"uv": [14.5, 6.25, 15, 6.5], "rotation": 270, "texture": "#0"}
			}
		},
		{
			"name": "skill8_0_88",
			"from": [7.5, 8.25, 2],
			"to": [8.5, 9, 2.5],
			"faces": {
				"north": {"uv": [2, 6.25, 2.25, 7], "texture": "#0"},
				"east": {"uv": [2, 7, 2.5, 6.25], "rotation": 180, "texture": "#0"},
				"south": {"uv": [2.25, 6.25, 2.5, 7], "texture": "#0"},
				"west": {"uv": [2, 6.25, 2.5, 7], "texture": "#0"},
				"up": {"uv": [2.5, 6.25, 2, 6.5], "rotation": 270, "texture": "#0"},
				"down": {"uv": [2, 6.75, 2.5, 7], "rotation": 270, "texture": "#0"}
			}
		},
		{
			"name": "skill8_0_89",
			"from": [7.5, 8.25, 14],
			"to": [8.5, 9, 14.5],
			"faces": {
				"north": {"uv": [14, 6.25, 14.25, 7], "texture": "#0"},
				"east": {"uv": [14, 7, 14.5, 6.25], "rotation": 180, "texture": "#0"},
				"south": {"uv": [14.25, 6.25, 14.5, 7], "texture": "#0"},
				"west": {"uv": [14, 6.25, 14.5, 7], "texture": "#0"},
				"up": {"uv": [14.5, 6.25, 14, 6.5], "rotation": 270, "texture": "#0"},
				"down": {"uv": [14, 6.75, 14.5, 7], "rotation": 270, "texture": "#0"}
			}
		},
		{
			"name": "skill8_0_90",
			"from": [7.5, 8.5, 1.75],
			"to": [8.5, 8.75, 2],
			"faces": {
				"north": {"uv": [1.75, 6.5, 2, 6.75], "texture": "#0"},
				"east": {"uv": [1.75, 6.75, 2, 6.5], "rotation": 180, "texture": "#0"},
				"south": {"uv": [1.75, 6.5, 2, 6.75], "texture": "#0"},
				"west": {"uv": [1.75, 6.5, 2, 6.75], "texture": "#0"},
				"up": {"uv": [2, 6.5, 1.75, 6.75], "rotation": 270, "texture": "#0"},
				"down": {"uv": [1.75, 6.5, 2, 6.75], "rotation": 270, "texture": "#0"}
			}
		},
		{
			"name": "skill8_0_91",
			"from": [7.5, 8.25, 12],
			"to": [8.5, 8.75, 12.25],
			"faces": {
				"north": {"uv": [12, 6.5, 12.25, 7], "texture": "#0"},
				"east": {"uv": [12, 7, 12.25, 6.5], "rotation": 180, "texture": "#0"},
				"south": {"uv": [12, 6.5, 12.25, 7], "texture": "#0"},
				"west": {"uv": [12, 6.5, 12.25, 7], "texture": "#0"},
				"up": {"uv": [12.25, 6.5, 12, 6.75], "rotation": 270, "texture": "#0"},
				"down": {"uv": [12, 6.75, 12.25, 7], "rotation": 270, "texture": "#0"}
			}
		},
		{
			"name": "skill8_0_92",
			"from": [7.5, 8.5, 14.5],
			"to": [8.5, 8.75, 14.75],
			"faces": {
				"north": {"uv": [14.5, 6.5, 14.75, 6.75], "texture": "#0"},
				"east": {"uv": [14.5, 6.75, 14.75, 6.5], "rotation": 180, "texture": "#0"},
				"south": {"uv": [14.5, 6.5, 14.75, 6.75], "texture": "#0"},
				"west": {"uv": [14.5, 6.5, 14.75, 6.75], "texture": "#0"},
				"up": {"uv": [14.75, 6.5, 14.5, 6.75], "rotation": 270, "texture": "#0"},
				"down": {"uv": [14.5, 6.5, 14.75, 6.75], "rotation": 270, "texture": "#0"}
			}
		},
		{
			"name": "skill8_0_93",
			"from": [7.5, 8, 2.25],
			"to": [8.5, 8.25, 2.5],
			"faces": {
				"north": {"uv": [2.25, 7, 2.5, 7.25], "texture": "#0"},
				"east": {"uv": [2.25, 7.25, 2.5, 7], "rotation": 180, "texture": "#0"},
				"south": {"uv": [2.25, 7, 2.5, 7.25], "texture": "#0"},
				"west": {"uv": [2.25, 7, 2.5, 7.25], "texture": "#0"},
				"up": {"uv": [2.5, 7, 2.25, 7.25], "rotation": 270, "texture": "#0"},
				"down": {"uv": [2.25, 7, 2.5, 7.25], "rotation": 270, "texture": "#0"}
			}
		},
		{
			"name": "skill8_0_94",
			"from": [7.5, 3.5, 4.75],
			"to": [8.5, 8.25, 5],
			"faces": {
				"north": {"uv": [4.75, 7, 5, 11.75], "texture": "#0"},
				"east": {"uv": [4.75, 11.75, 5, 7], "rotation": 180, "texture": "#0"},
				"south": {"uv": [4.75, 7, 5, 11.75], "texture": "#0"},
				"west": {"uv": [4.75, 7, 5, 11.75], "texture": "#0"},
				"up": {"uv": [5, 7, 4.75, 7.25], "rotation": 270, "texture": "#0"},
				"down": {"uv": [4.75, 11.5, 5, 11.75], "rotation": 270, "texture": "#0"}
			}
		},
		{
			"name": "skill8_0_95",
			"from": [7.5, 7.75, 5.75],
			"to": [8.5, 8.25, 6.25],
			"faces": {
				"north": {"uv": [5.75, 7, 6, 7.5], "texture": "#0"},
				"east": {"uv": [5.75, 7.5, 6.25, 7], "rotation": 180, "texture": "#0"},
				"south": {"uv": [6, 7, 6.25, 7.5], "texture": "#0"},
				"west": {"uv": [5.75, 7, 6.25, 7.5], "texture": "#0"},
				"up": {"uv": [6.25, 7, 5.75, 7.25], "rotation": 270, "texture": "#0"},
				"down": {"uv": [5.75, 7.25, 6.25, 7.5], "rotation": 270, "texture": "#0"}
			}
		},
		{
			"name": "skill8_0_96",
			"from": [7.5, 7.5, 8.75],
			"to": [8.5, 8.25, 9],
			"faces": {
				"north": {"uv": [8.75, 7, 9, 7.75], "texture": "#0"},
				"east": {"uv": [8.75, 7.75, 9, 7], "rotation": 180, "texture": "#0"},
				"south": {"uv": [8.75, 7, 9, 7.75], "texture": "#0"},
				"west": {"uv": [8.75, 7, 9, 7.75], "texture": "#0"},
				"up": {"uv": [9, 7, 8.75, 7.25], "rotation": 270, "texture": "#0"},
				"down": {"uv": [8.75, 7.5, 9, 7.75], "rotation": 270, "texture": "#0"}
			}
		},
		{
			"name": "skill8_0_97",
			"from": [7.5, 7, 14],
			"to": [8.5, 8.25, 14.25],
			"faces": {
				"north": {"uv": [14, 7, 14.25, 8.25], "texture": "#0"},
				"east": {"uv": [14, 8.25, 14.25, 7], "rotation": 180, "texture": "#0"},
				"south": {"uv": [14, 7, 14.25, 8.25], "texture": "#0"},
				"west": {"uv": [14, 7, 14.25, 8.25], "texture": "#0"},
				"up": {"uv": [14.25, 7, 14, 7.25], "rotation": 270, "texture": "#0"},
				"down": {"uv": [14, 8, 14.25, 8.25], "rotation": 270, "texture": "#0"}
			}
		},
		{
			"name": "skill8_0_98",
			"from": [7.5, 4.5, 5],
			"to": [8.5, 8, 5.25],
			"faces": {
				"north": {"uv": [5, 7.25, 5.25, 10.75], "texture": "#0"},
				"east": {"uv": [5, 10.75, 5.25, 7.25], "rotation": 180, "texture": "#0"},
				"south": {"uv": [5, 7.25, 5.25, 10.75], "texture": "#0"},
				"west": {"uv": [5, 7.25, 5.25, 10.75], "texture": "#0"},
				"up": {"uv": [5.25, 7.25, 5, 7.5], "rotation": 270, "texture": "#0"},
				"down": {"uv": [5, 10.5, 5.25, 10.75], "rotation": 270, "texture": "#0"}
			}
		},
		{
			"name": "skill8_0_99",
			"from": [7.5, 6.25, 5.5],
			"to": [8.5, 8, 5.75],
			"faces": {
				"north": {"uv": [5.5, 7.25, 5.75, 9], "texture": "#0"},
				"east": {"uv": [5.5, 9, 5.75, 7.25], "rotation": 180, "texture": "#0"},
				"south": {"uv": [5.5, 7.25, 5.75, 9], "texture": "#0"},
				"west": {"uv": [5.5, 7.25, 5.75, 9], "texture": "#0"},
				"up": {"uv": [5.75, 7.25, 5.5, 7.5], "rotation": 270, "texture": "#0"},
				"down": {"uv": [5.5, 8.75, 5.75, 9], "rotation": 270, "texture": "#0"}
			}
		},
		{
			"name": "skill8_0_100",
			"from": [7.5, 7.75, 9],
			"to": [8.5, 8, 9.25],
			"faces": {
				"north": {"uv": [9, 7.25, 9.25, 7.5], "texture": "#0"},
				"east": {"uv": [9, 7.5, 9.25, 7.25], "rotation": 180, "texture": "#0"},
				"south": {"uv": [9, 7.25, 9.25, 7.5], "texture": "#0"},
				"west": {"uv": [9, 7.25, 9.25, 7.5], "texture": "#0"},
				"up": {"uv": [9.25, 7.25, 9, 7.5], "rotation": 270, "texture": "#0"},
				"down": {"uv": [9, 7.25, 9.25, 7.5], "rotation": 270, "texture": "#0"}
			}
		},
		{
			"name": "skill8_0_101",
			"from": [7.5, 7, 2.25],
			"to": [8.5, 7.75, 2.5],
			"faces": {
				"north": {"uv": [2.25, 7.5, 2.5, 8.25], "texture": "#0"},
				"east": {"uv": [2.25, 8.25, 2.5, 7.5], "rotation": 180, "texture": "#0"},
				"south": {"uv": [2.25, 7.5, 2.5, 8.25], "texture": "#0"},
				"west": {"uv": [2.25, 7.5, 2.5, 8.25], "texture": "#0"},
				"up": {"uv": [2.5, 7.5, 2.25, 7.75], "rotation": 270, "texture": "#0"},
				"down": {"uv": [2.25, 8, 2.5, 8.25], "rotation": 270, "texture": "#0"}
			}
		},
		{
			"name": "skill8_0_102",
			"from": [7.5, 6, 5.25],
			"to": [8.5, 7.75, 5.5],
			"faces": {
				"north": {"uv": [5.25, 7.5, 5.5, 9.25], "texture": "#0"},
				"east": {"uv": [5.25, 9.25, 5.5, 7.5], "rotation": 180, "texture": "#0"},
				"south": {"uv": [5.25, 7.5, 5.5, 9.25], "texture": "#0"},
				"west": {"uv": [5.25, 7.5, 5.5, 9.25], "texture": "#0"},
				"up": {"uv": [5.5, 7.5, 5.25, 7.75], "rotation": 270, "texture": "#0"},
				"down": {"uv": [5.25, 9, 5.5, 9.25], "rotation": 270, "texture": "#0"}
			}
		},
		{
			"name": "skill8_0_103",
			"from": [7.5, 7.5, 5.75],
			"to": [8.5, 7.75, 6],
			"faces": {
				"north": {"uv": [5.75, 7.5, 6, 7.75], "texture": "#0"},
				"east": {"uv": [5.75, 7.75, 6, 7.5], "rotation": 180, "texture": "#0"},
				"south": {"uv": [5.75, 7.5, 6, 7.75], "texture": "#0"},
				"west": {"uv": [5.75, 7.5, 6, 7.75], "texture": "#0"},
				"up": {"uv": [6, 7.5, 5.75, 7.75], "rotation": 270, "texture": "#0"},
				"down": {"uv": [5.75, 7.5, 6, 7.75], "rotation": 270, "texture": "#0"}
			}
		},
		{
			"name": "skill8_0_104",
			"from": [7.5, 7, 7.25],
			"to": [8.5, 7.75, 7.5],
			"faces": {
				"north": {"uv": [7.25, 7.5, 7.5, 8.25], "texture": "#0"},
				"east": {"uv": [7.25, 8.25, 7.5, 7.5], "rotation": 180, "texture": "#0"},
				"south": {"uv": [7.25, 7.5, 7.5, 8.25], "texture": "#0"},
				"west": {"uv": [7.25, 7.5, 7.5, 8.25], "texture": "#0"},
				"up": {"uv": [7.5, 7.5, 7.25, 7.75], "rotation": 270, "texture": "#0"},
				"down": {"uv": [7.25, 8, 7.5, 8.25], "rotation": 270, "texture": "#0"}
			}
		},
		{
			"name": "skill8_0_105",
			"from": [7.5, 7.25, 14.25],
			"to": [8.5, 7.75, 14.5],
			"faces": {
				"north": {"uv": [14.25, 7.5, 14.5, 8], "texture": "#0"},
				"east": {"uv": [14.25, 8, 14.5, 7.5], "rotation": 180, "texture": "#0"},
				"south": {"uv": [14.25, 7.5, 14.5, 8], "texture": "#0"},
				"west": {"uv": [14.25, 7.5, 14.5, 8], "texture": "#0"},
				"up": {"uv": [14.5, 7.5, 14.25, 7.75], "rotation": 270, "texture": "#0"},
				"down": {"uv": [14.25, 7.75, 14.5, 8], "rotation": 270, "texture": "#0"}
			}
		},
		{
			"name": "skill8_0_106",
			"from": [7.5, 7.25, 2],
			"to": [8.5, 7.5, 2.25],
			"faces": {
				"north": {"uv": [2, 7.75, 2.25, 8], "texture": "#0"},
				"east": {"uv": [2, 8, 2.25, 7.75], "rotation": 180, "texture": "#0"},
				"south": {"uv": [2, 7.75, 2.25, 8], "texture": "#0"},
				"west": {"uv": [2, 7.75, 2.25, 8], "texture": "#0"},
				"up": {"uv": [2.25, 7.75, 2, 8], "rotation": 270, "texture": "#0"},
				"down": {"uv": [2, 7.75, 2.25, 8], "rotation": 270, "texture": "#0"}
			}
		},
		{
			"name": "skill8_0_107",
			"from": [7.5, 7.25, 7],
			"to": [8.5, 7.5, 7.25],
			"faces": {
				"north": {"uv": [7, 7.75, 7.25, 8], "texture": "#0"},
				"east": {"uv": [7, 8, 7.25, 7.75], "rotation": 180, "texture": "#0"},
				"south": {"uv": [7, 7.75, 7.25, 8], "texture": "#0"},
				"west": {"uv": [7, 7.75, 7.25, 8], "texture": "#0"},
				"up": {"uv": [7.25, 7.75, 7, 8], "rotation": 270, "texture": "#0"},
				"down": {"uv": [7, 7.75, 7.25, 8], "rotation": 270, "texture": "#0"}
			}
		},
		{
			"name": "skill8_0_108",
			"from": [7.5, 6.5, 5.75],
			"to": [8.5, 7.25, 6],
			"faces": {
				"north": {"uv": [5.75, 8, 6, 8.75], "texture": "#0"},
				"east": {"uv": [5.75, 8.75, 6, 8], "rotation": 180, "texture": "#0"},
				"south": {"uv": [5.75, 8, 6, 8.75], "texture": "#0"},
				"west": {"uv": [5.75, 8, 6, 8.75], "texture": "#0"},
				"up": {"uv": [6, 8, 5.75, 8.25], "rotation": 270, "texture": "#0"},
				"down": {"uv": [5.75, 8.5, 6, 8.75], "rotation": 270, "texture": "#0"}
			}
		},
		{
			"name": "skill8_0_109",
			"from": [7.5, 6.5, 8.75],
			"to": [8.5, 7.25, 9],
			"faces": {
				"north": {"uv": [8.75, 8, 9, 8.75], "texture": "#0"},
				"east": {"uv": [8.75, 8.75, 9, 8], "rotation": 180, "texture": "#0"},
				"south": {"uv": [8.75, 8, 9, 8.75], "texture": "#0"},
				"west": {"uv": [8.75, 8, 9, 8.75], "texture": "#0"},
				"up": {"uv": [9, 8, 8.75, 8.25], "rotation": 270, "texture": "#0"},
				"down": {"uv": [8.75, 8.5, 9, 8.75], "rotation": 270, "texture": "#0"}
			}
		},
		{
			"name": "skill8_0_110",
			"from": [7.5, 6.75, 12.5],
			"to": [8.5, 7.25, 12.75],
			"faces": {
				"north": {"uv": [12.5, 8, 12.75, 8.5], "texture": "#0"},
				"east": {"uv": [12.5, 8.5, 12.75, 8], "rotation": 180, "texture": "#0"},
				"south": {"uv": [12.5, 8, 12.75, 8.5], "texture": "#0"},
				"west": {"uv": [12.5, 8, 12.75, 8.5], "texture": "#0"},
				"up": {"uv": [12.75, 8, 12.5, 8.25], "rotation": 270, "texture": "#0"},
				"down": {"uv": [12.5, 8.25, 12.75, 8.5], "rotation": 270, "texture": "#0"}
			}
		},
		{
			"name": "skill8_0_111",
			"from": [7.5, 6.75, 6],
			"to": [8.5, 7, 6.25],
			"faces": {
				"north": {"uv": [6, 8.25, 6.25, 8.5], "texture": "#0"},
				"east": {"uv": [6, 8.5, 6.25, 8.25], "rotation": 180, "texture": "#0"},
				"south": {"uv": [6, 8.25, 6.25, 8.5], "texture": "#0"},
				"west": {"uv": [6, 8.25, 6.25, 8.5], "texture": "#0"},
				"up": {"uv": [6.25, 8.25, 6, 8.5], "rotation": 270, "texture": "#0"},
				"down": {"uv": [6, 8.25, 6.25, 8.5], "rotation": 270, "texture": "#0"}
			}
		},
		{
			"name": "skill8_0_112",
			"from": [7.5, 6.75, 9],
			"to": [8.5, 7, 9.25],
			"faces": {
				"north": {"uv": [9, 8.25, 9.25, 8.5], "texture": "#0"},
				"east": {"uv": [9, 8.5, 9.25, 8.25], "rotation": 180, "texture": "#0"},
				"south": {"uv": [9, 8.25, 9.25, 8.5], "texture": "#0"},
				"west": {"uv": [9, 8.25, 9.25, 8.5], "texture": "#0"},
				"up": {"uv": [9.25, 8.25, 9, 8.5], "rotation": 270, "texture": "#0"},
				"down": {"uv": [9, 8.25, 9.25, 8.5], "rotation": 270, "texture": "#0"}
			}
		},
		{
			"name": "skill8_0_113",
			"from": [7.5, 6, 7.25],
			"to": [8.5, 6.75, 7.5],
			"faces": {
				"north": {"uv": [7.25, 8.5, 7.5, 9.25], "texture": "#0"},
				"east": {"uv": [7.25, 9.25, 7.5, 8.5], "rotation": 180, "texture": "#0"},
				"south": {"uv": [7.25, 8.5, 7.5, 9.25], "texture": "#0"},
				"west": {"uv": [7.25, 8.5, 7.5, 9.25], "texture": "#0"},
				"up": {"uv": [7.5, 8.5, 7.25, 8.75], "rotation": 270, "texture": "#0"},
				"down": {"uv": [7.25, 9, 7.5, 9.25], "rotation": 270, "texture": "#0"}
			}
		},
		{
			"name": "skill8_0_114",
			"from": [7.5, 6.25, 7],
			"to": [8.5, 6.5, 7.25],
			"faces": {
				"north": {"uv": [7, 8.75, 7.25, 9], "texture": "#0"},
				"east": {"uv": [7, 9, 7.25, 8.75], "rotation": 180, "texture": "#0"},
				"south": {"uv": [7, 8.75, 7.25, 9], "texture": "#0"},
				"west": {"uv": [7, 8.75, 7.25, 9], "texture": "#0"},
				"up": {"uv": [7.25, 8.75, 7, 9], "rotation": 270, "texture": "#0"},
				"down": {"uv": [7, 8.75, 7.25, 9], "rotation": 270, "texture": "#0"}
			}
		},
		{
			"name": "skill8_0_115",
			"from": [7.5, 5.5, 2.75],
			"to": [8.5, 6.25, 3],
			"faces": {
				"north": {"uv": [2.75, 9, 3, 9.75], "texture": "#0"},
				"east": {"uv": [2.75, 9.75, 3, 9], "rotation": 180, "texture": "#0"},
				"south": {"uv": [2.75, 9, 3, 9.75], "texture": "#0"},
				"west": {"uv": [2.75, 9, 3, 9.75], "texture": "#0"},
				"up": {"uv": [3, 9, 2.75, 9.25], "rotation": 270, "texture": "#0"},
				"down": {"uv": [2.75, 9.5, 3, 9.75], "rotation": 270, "texture": "#0"}
			}
		},
		{
			"name": "skill8_0_116",
			"from": [7.5, 5.5, 8.75],
			"to": [8.5, 6.25, 9],
			"faces": {
				"north": {"uv": [8.75, 9, 9, 9.75], "texture": "#0"},
				"east": {"uv": [8.75, 9.75, 9, 9], "rotation": 180, "texture": "#0"},
				"south": {"uv": [8.75, 9, 9, 9.75], "texture": "#0"},
				"west": {"uv": [8.75, 9, 9, 9.75], "texture": "#0"},
				"up": {"uv": [9, 9, 8.75, 9.25], "rotation": 270, "texture": "#0"},
				"down": {"uv": [8.75, 9.5, 9, 9.75], "rotation": 270, "texture": "#0"}
			}
		},
		{
			"name": "skill8_0_117",
			"from": [7.5, 5.75, 2.5],
			"to": [8.5, 6, 2.75],
			"faces": {
				"north": {"uv": [2.5, 9.25, 2.75, 9.5], "texture": "#0"},
				"east": {"uv": [2.5, 9.5, 2.75, 9.25], "rotation": 180, "texture": "#0"},
				"south": {"uv": [2.5, 9.25, 2.75, 9.5], "texture": "#0"},
				"west": {"uv": [2.5, 9.25, 2.75, 9.5], "texture": "#0"},
				"up": {"uv": [2.75, 9.25, 2.5, 9.5], "rotation": 270, "texture": "#0"},
				"down": {"uv": [2.5, 9.25, 2.75, 9.5], "rotation": 270, "texture": "#0"}
			}
		},
		{
			"name": "skill8_0_118",
			"from": [7.5, 5.75, 9],
			"to": [8.5, 6, 9.25],
			"faces": {
				"north": {"uv": [9, 9.25, 9.25, 9.5], "texture": "#0"},
				"east": {"uv": [9, 9.5, 9.25, 9.25], "rotation": 180, "texture": "#0"},
				"south": {"uv": [9, 9.25, 9.25, 9.5], "texture": "#0"},
				"west": {"uv": [9, 9.25, 9.25, 9.5], "texture": "#0"},
				"up": {"uv": [9.25, 9.25, 9, 9.5], "rotation": 270, "texture": "#0"},
				"down": {"uv": [9, 9.25, 9.25, 9.5], "rotation": 270, "texture": "#0"}
			}
		},
		{
			"name": "skill8_0_119",
			"from": [7.5, 5.5, 12.5],
			"to": [8.5, 6, 12.75],
			"faces": {
				"north": {"uv": [12.5, 9.25, 12.75, 9.75], "texture": "#0"},
				"east": {"uv": [12.5, 9.75, 12.75, 9.25], "rotation": 180, "texture": "#0"},
				"south": {"uv": [12.5, 9.25, 12.75, 9.75], "texture": "#0"},
				"west": {"uv": [12.5, 9.25, 12.75, 9.75], "texture": "#0"},
				"up": {"uv": [12.75, 9.25, 12.5, 9.5], "rotation": 270, "texture": "#0"},
				"down": {"uv": [12.5, 9.5, 12.75, 9.75], "rotation": 270, "texture": "#0"}
			}
		},
		{
			"name": "skill8_0_120",
			"from": [7.5, 4.75, 5.25],
			"to": [8.5, 5.75, 5.5],
			"faces": {
				"north": {"uv": [5.25, 9.5, 5.5, 10.5], "texture": "#0"},
				"east": {"uv": [5.25, 10.5, 5.5, 9.5], "rotation": 180, "texture": "#0"},
				"south": {"uv": [5.25, 9.5, 5.5, 10.5], "texture": "#0"},
				"west": {"uv": [5.25, 9.5, 5.5, 10.5], "texture": "#0"},
				"up": {"uv": [5.5, 9.5, 5.25, 9.75], "rotation": 270, "texture": "#0"},
				"down": {"uv": [5.25, 10.25, 5.5, 10.5], "rotation": 270, "texture": "#0"}
			}
		},
		{
			"name": "skill8_0_121",
			"from": [7.5, 5, 7.25],
			"to": [8.5, 5.75, 7.5],
			"faces": {
				"north": {"uv": [7.25, 9.5, 7.5, 10.25], "texture": "#0"},
				"east": {"uv": [7.25, 10.25, 7.5, 9.5], "rotation": 180, "texture": "#0"},
				"south": {"uv": [7.25, 9.5, 7.5, 10.25], "texture": "#0"},
				"west": {"uv": [7.25, 9.5, 7.5, 10.25], "texture": "#0"},
				"up": {"uv": [7.5, 9.5, 7.25, 9.75], "rotation": 270, "texture": "#0"},
				"down": {"uv": [7.25, 10, 7.5, 10.25], "rotation": 270, "texture": "#0"}
			}
		},
		{
			"name": "skill8_0_122",
			"from": [7.5, 5, 5.5],
			"to": [8.5, 5.5, 5.75],
			"faces": {
				"north": {"uv": [5.5, 9.75, 5.75, 10.25], "texture": "#0"},
				"east": {"uv": [5.5, 10.25, 5.75, 9.75], "rotation": 180, "texture": "#0"},
				"south": {"uv": [5.5, 9.75, 5.75, 10.25], "texture": "#0"},
				"west": {"uv": [5.5, 9.75, 5.75, 10.25], "texture": "#0"},
				"up": {"uv": [5.75, 9.75, 5.5, 10], "rotation": 270, "texture": "#0"},
				"down": {"uv": [5.5, 10, 5.75, 10.25], "rotation": 270, "texture": "#0"}
			}
		},
		{
			"name": "skill8_0_123",
			"from": [7.5, 5.25, 7],
			"to": [8.5, 5.5, 7.25],
			"faces": {
				"north": {"uv": [7, 9.75, 7.25, 10], "texture": "#0"},
				"east": {"uv": [7, 10, 7.25, 9.75], "rotation": 180, "texture": "#0"},
				"south": {"uv": [7, 9.75, 7.25, 10], "texture": "#0"},
				"west": {"uv": [7, 9.75, 7.25, 10], "texture": "#0"},
				"up": {"uv": [7.25, 9.75, 7, 10], "rotation": 270, "texture": "#0"},
				"down": {"uv": [7, 9.75, 7.25, 10], "rotation": 270, "texture": "#0"}
			}
		},
		{
			"name": "skill8_0_124",
			"from": [7.5, 4.5, 8.75],
			"to": [8.5, 5.25, 9],
			"faces": {
				"north": {"uv": [8.75, 10, 9, 10.75], "texture": "#0"},
				"east": {"uv": [8.75, 10.75, 9, 10], "rotation": 180, "texture": "#0"},
				"south": {"uv": [8.75, 10, 9, 10.75], "texture": "#0"},
				"west": {"uv": [8.75, 10, 9, 10.75], "texture": "#0"},
				"up": {"uv": [9, 10, 8.75, 10.25], "rotation": 270, "texture": "#0"},
				"down": {"uv": [8.75, 10.5, 9, 10.75], "rotation": 270, "texture": "#0"}
			}
		},
		{
			"name": "skill8_0_125",
			"from": [7.5, 4.75, 9],
			"to": [8.5, 5, 9.25],
			"faces": {
				"north": {"uv": [9, 10.25, 9.25, 10.5], "texture": "#0"},
				"east": {"uv": [9, 10.5, 9.25, 10.25], "rotation": 180, "texture": "#0"},
				"south": {"uv": [9, 10.25, 9.25, 10.5], "texture": "#0"},
				"west": {"uv": [9, 10.25, 9.25, 10.5], "texture": "#0"},
				"up": {"uv": [9.25, 10.25, 9, 10.5], "rotation": 270, "texture": "#0"},
				"down": {"uv": [9, 10.25, 9.25, 10.5], "rotation": 270, "texture": "#0"}
			}
		},
		{
			"name": "skill8_0_126",
			"from": [7.5, 4, 7.25],
			"to": [8.5, 4.75, 7.5],
			"faces": {
				"north": {"uv": [7.25, 10.5, 7.5, 11.25], "texture": "#0"},
				"east": {"uv": [7.25, 11.25, 7.5, 10.5], "rotation": 180, "texture": "#0"},
				"south": {"uv": [7.25, 10.5, 7.5, 11.25], "texture": "#0"},
				"west": {"uv": [7.25, 10.5, 7.5, 11.25], "texture": "#0"},
				"up": {"uv": [7.5, 10.5, 7.25, 10.75], "rotation": 270, "texture": "#0"},
				"down": {"uv": [7.25, 11, 7.5, 11.25], "rotation": 270, "texture": "#0"}
			}
		},
		{
			"name": "skill8_0_127",
			"from": [7.5, 2.25, 1.25],
			"to": [8.5, 4.5, 3.5],
			"faces": {
				"north": {"uv": [1.25, 10.75, 1.5, 13], "texture": "#0"},
				"east": {"uv": [1.25, 13, 3.5, 10.75], "rotation": 180, "texture": "#0"},
				"south": {"uv": [3.25, 10.75, 3.5, 13], "texture": "#0"},
				"west": {"uv": [1.25, 10.75, 3.5, 13], "texture": "#0"},
				"up": {"uv": [3.5, 10.75, 1.25, 11], "rotation": 270, "texture": "#0"},
				"down": {"uv": [1.25, 12.75, 3.5, 13], "rotation": 270, "texture": "#0"}
			}
		},
		{
			"name": "skill8_0_128",
			"from": [7.5, 4.25, 7],
			"to": [8.5, 4.5, 7.25],
			"faces": {
				"north": {"uv": [7, 10.75, 7.25, 11], "texture": "#0"},
				"east": {"uv": [7, 11, 7.25, 10.75], "rotation": 180, "texture": "#0"},
				"south": {"uv": [7, 10.75, 7.25, 11], "texture": "#0"},
				"west": {"uv": [7, 10.75, 7.25, 11], "texture": "#0"},
				"up": {"uv": [7.25, 10.75, 7, 11], "rotation": 270, "texture": "#0"},
				"down": {"uv": [7, 10.75, 7.25, 11], "rotation": 270, "texture": "#0"}
			}
		},
		{
			"name": "skill8_0_129",
			"from": [7.5, 2.25, 12.5],
			"to": [8.5, 4.5, 14.75],
			"faces": {
				"north": {"uv": [12.5, 10.75, 12.75, 13], "texture": "#0"},
				"east": {"uv": [12.5, 13, 14.75, 10.75], "rotation": 180, "texture": "#0"},
				"south": {"uv": [14.5, 10.75, 14.75, 13], "texture": "#0"},
				"west": {"uv": [12.5, 10.75, 14.75, 13], "texture": "#0"},
				"up": {"uv": [14.75, 10.75, 12.5, 11], "rotation": 270, "texture": "#0"},
				"down": {"uv": [12.5, 12.75, 14.75, 13], "rotation": 270, "texture": "#0"}
			}
		},
		{
			"name": "skill8_0_130",
			"from": [7.5, 3.5, 8.75],
			"to": [8.5, 4.25, 9],
			"faces": {
				"north": {"uv": [8.75, 11, 9, 11.75], "texture": "#0"},
				"east": {"uv": [8.75, 11.75, 9, 11], "rotation": 180, "texture": "#0"},
				"south": {"uv": [8.75, 11, 9, 11.75], "texture": "#0"},
				"west": {"uv": [8.75, 11, 9, 11.75], "texture": "#0"},
				"up": {"uv": [9, 11, 8.75, 11.25], "rotation": 270, "texture": "#0"},
				"down": {"uv": [8.75, 11.5, 9, 11.75], "rotation": 270, "texture": "#0"}
			}
		},
		{
			"name": "skill8_0_131",
			"from": [7.5, 3.25, 5],
			"to": [8.5, 4, 5.25],
			"faces": {
				"north": {"uv": [5, 11.25, 5.25, 12], "texture": "#0"},
				"east": {"uv": [5, 12, 5.25, 11.25], "rotation": 180, "texture": "#0"},
				"south": {"uv": [5, 11.25, 5.25, 12], "texture": "#0"},
				"west": {"uv": [5, 11.25, 5.25, 12], "texture": "#0"},
				"up": {"uv": [5.25, 11.25, 5, 11.5], "rotation": 270, "texture": "#0"},
				"down": {"uv": [5, 11.75, 5.25, 12], "rotation": 270, "texture": "#0"}
			}
		},
		{
			"name": "skill8_0_132",
			"from": [7.5, 3.75, 9],
			"to": [8.5, 4, 9.25],
			"faces": {
				"north": {"uv": [9, 11.25, 9.25, 11.5], "texture": "#0"},
				"east": {"uv": [9, 11.5, 9.25, 11.25], "rotation": 180, "texture": "#0"},
				"south": {"uv": [9, 11.25, 9.25, 11.5], "texture": "#0"},
				"west": {"uv": [9, 11.25, 9.25, 11.5], "texture": "#0"},
				"up": {"uv": [9.25, 11.25, 9, 11.5], "rotation": 270, "texture": "#0"},
				"down": {"uv": [9, 11.25, 9.25, 11.5], "rotation": 270, "texture": "#0"}
			}
		},
		{
			"name": "skill8_0_133",
			"from": [7.5, 3, 5.25],
			"to": [8.5, 3.75, 5.5],
			"faces": {
				"north": {"uv": [5.25, 11.5, 5.5, 12.25], "texture": "#0"},
				"east": {"uv": [5.25, 12.25, 5.5, 11.5], "rotation": 180, "texture": "#0"},
				"south": {"uv": [5.25, 11.5, 5.5, 12.25], "texture": "#0"},
				"west": {"uv": [5.25, 11.5, 5.5, 12.25], "texture": "#0"},
				"up": {"uv": [5.5, 11.5, 5.25, 11.75], "rotation": 270, "texture": "#0"},
				"down": {"uv": [5.25, 12, 5.5, 12.25], "rotation": 270, "texture": "#0"}
			}
		},
		{
			"name": "skill8_0_134",
			"from": [7.5, 3, 7.25],
			"to": [8.5, 3.75, 7.5],
			"faces": {
				"north": {"uv": [7.25, 11.5, 7.5, 12.25], "texture": "#0"},
				"east": {"uv": [7.25, 12.25, 7.5, 11.5], "rotation": 180, "texture": "#0"},
				"south": {"uv": [7.25, 11.5, 7.5, 12.25], "texture": "#0"},
				"west": {"uv": [7.25, 11.5, 7.5, 12.25], "texture": "#0"},
				"up": {"uv": [7.5, 11.5, 7.25, 11.75], "rotation": 270, "texture": "#0"},
				"down": {"uv": [7.25, 12, 7.5, 12.25], "rotation": 270, "texture": "#0"}
			}
		},
		{
			"name": "skill8_0_135",
			"from": [7.5, 3, 5.5],
			"to": [8.5, 3.5, 5.75],
			"faces": {
				"north": {"uv": [5.5, 11.75, 5.75, 12.25], "texture": "#0"},
				"east": {"uv": [5.5, 12.25, 5.75, 11.75], "rotation": 180, "texture": "#0"},
				"south": {"uv": [5.5, 11.75, 5.75, 12.25], "texture": "#0"},
				"west": {"uv": [5.5, 11.75, 5.75, 12.25], "texture": "#0"},
				"up": {"uv": [5.75, 11.75, 5.5, 12], "rotation": 270, "texture": "#0"},
				"down": {"uv": [5.5, 12, 5.75, 12.25], "rotation": 270, "texture": "#0"}
			}
		},
		{
			"name": "skill8_0_136",
			"from": [7.5, 3.25, 7],
			"to": [8.5, 3.5, 7.25],
			"faces": {
				"north": {"uv": [7, 11.75, 7.25, 12], "texture": "#0"},
				"east": {"uv": [7, 12, 7.25, 11.75], "rotation": 180, "texture": "#0"},
				"south": {"uv": [7, 11.75, 7.25, 12], "texture": "#0"},
				"west": {"uv": [7, 11.75, 7.25, 12], "texture": "#0"},
				"up": {"uv": [7.25, 11.75, 7, 12], "rotation": 270, "texture": "#0"},
				"down": {"uv": [7, 11.75, 7.25, 12], "rotation": 270, "texture": "#0"}
			}
		},
		{
			"name": "skill8_0_137",
			"from": [7.5, 2.5, 8.75],
			"to": [8.5, 3.25, 9],
			"faces": {
				"north": {"uv": [8.75, 12, 9, 12.75], "texture": "#0"},
				"east": {"uv": [8.75, 12.75, 9, 12], "rotation": 180, "texture": "#0"},
				"south": {"uv": [8.75, 12, 9, 12.75], "texture": "#0"},
				"west": {"uv": [8.75, 12, 9, 12.75], "texture": "#0"},
				"up": {"uv": [9, 12, 8.75, 12.25], "rotation": 270, "texture": "#0"},
				"down": {"uv": [8.75, 12.5, 9, 12.75], "rotation": 270, "texture": "#0"}
			}
		},
		{
			"name": "skill8_0_138",
			"from": [7.5, 0, 3.5],
			"to": [8.5, 3, 4.25],
			"faces": {
				"north": {"uv": [3.5, 12.25, 3.75, 15.25], "texture": "#0"},
				"east": {"uv": [3.5, 15.25, 4.25, 12.25], "rotation": 180, "texture": "#0"},
				"south": {"uv": [4, 12.25, 4.25, 15.25], "texture": "#0"},
				"west": {"uv": [3.5, 12.25, 4.25, 15.25], "texture": "#0"},
				"up": {"uv": [4.25, 12.25, 3.5, 12.5], "rotation": 270, "texture": "#0"},
				"down": {"uv": [3.5, 15, 4.25, 15.25], "rotation": 270, "texture": "#0"}
			}
		},
		{
			"name": "skill8_0_139",
			"from": [7.5, 2.75, 9],
			"to": [8.5, 3, 9.25],
			"faces": {
				"north": {"uv": [9, 12.25, 9.25, 12.5], "texture": "#0"},
				"east": {"uv": [9, 12.5, 9.25, 12.25], "rotation": 180, "texture": "#0"},
				"south": {"uv": [9, 12.25, 9.25, 12.5], "texture": "#0"},
				"west": {"uv": [9, 12.25, 9.25, 12.5], "texture": "#0"},
				"up": {"uv": [9.25, 12.25, 9, 12.5], "rotation": 270, "texture": "#0"},
				"down": {"uv": [9, 12.25, 9.25, 12.5], "rotation": 270, "texture": "#0"}
			}
		},
		{
			"name": "skill8_0_140",
			"from": [7.5, 0, 11.75],
			"to": [8.5, 3, 12.5],
			"faces": {
				"north": {"uv": [11.75, 12.25, 12, 15.25], "texture": "#0"},
				"east": {"uv": [11.75, 15.25, 12.5, 12.25], "rotation": 180, "texture": "#0"},
				"south": {"uv": [12.25, 12.25, 12.5, 15.25], "texture": "#0"},
				"west": {"uv": [11.75, 12.25, 12.5, 15.25], "texture": "#0"},
				"up": {"uv": [12.5, 12.25, 11.75, 12.5], "rotation": 270, "texture": "#0"},
				"down": {"uv": [11.75, 15, 12.5, 15.25], "rotation": 270, "texture": "#0"}
			}
		},
		{
			"name": "skill8_0_141",
			"from": [7.5, 0, 7.25],
			"to": [8.5, 2.75, 7.5],
			"faces": {
				"north": {"uv": [7.25, 12.5, 7.5, 15.25], "texture": "#0"},
				"east": {"uv": [7.25, 15.25, 7.5, 12.5], "rotation": 180, "texture": "#0"},
				"south": {"uv": [7.25, 12.5, 7.5, 15.25], "texture": "#0"},
				"west": {"uv": [7.25, 12.5, 7.5, 15.25], "texture": "#0"},
				"up": {"uv": [7.5, 12.5, 7.25, 12.75], "rotation": 270, "texture": "#0"},
				"down": {"uv": [7.25, 15, 7.5, 15.25], "rotation": 270, "texture": "#0"}
			}
		},
		{
			"name": "skill8_0_142",
			"from": [7.5, 0, 7],
			"to": [8.5, 2.5, 7.25],
			"faces": {
				"north": {"uv": [7, 12.75, 7.25, 15.25], "texture": "#0"},
				"east": {"uv": [7, 15.25, 7.25, 12.75], "rotation": 180, "texture": "#0"},
				"south": {"uv": [7, 12.75, 7.25, 15.25], "texture": "#0"},
				"west": {"uv": [7, 12.75, 7.25, 15.25], "texture": "#0"},
				"up": {"uv": [7.25, 12.75, 7, 13], "rotation": 270, "texture": "#0"},
				"down": {"uv": [7, 15, 7.25, 15.25], "rotation": 270, "texture": "#0"}
			}
		},
		{
			"name": "skill8_0_143",
			"from": [7.5, 1.5, 1.25],
			"to": [8.5, 2.25, 2],
			"faces": {
				"north": {"uv": [1.25, 13, 1.5, 13.75], "texture": "#0"},
				"east": {"uv": [1.25, 13.75, 2, 13], "rotation": 180, "texture": "#0"},
				"south": {"uv": [1.75, 13, 2, 13.75], "texture": "#0"},
				"west": {"uv": [1.25, 13, 2, 13.75], "texture": "#0"},
				"up": {"uv": [2, 13, 1.25, 13.25], "rotation": 270, "texture": "#0"},
				"down": {"uv": [1.25, 13.5, 2, 13.75], "rotation": 270, "texture": "#0"}
			}
		},
		{
			"name": "skill8_0_144",
			"from": [7.5, 0.75, 2.75],
			"to": [8.5, 2.25, 3.5],
			"faces": {
				"north": {"uv": [2.75, 13, 3, 14.5], "texture": "#0"},
				"east": {"uv": [2.75, 14.5, 3.5, 13], "rotation": 180, "texture": "#0"},
				"south": {"uv": [3.25, 13, 3.5, 14.5], "texture": "#0"},
				"west": {"uv": [2.75, 13, 3.5, 14.5], "texture": "#0"},
				"up": {"uv": [3.5, 13, 2.75, 13.25], "rotation": 270, "texture": "#0"},
				"down": {"uv": [2.75, 14.25, 3.5, 14.5], "rotation": 270, "texture": "#0"}
			}
		},
		{
			"name": "skill8_0_145",
			"from": [7.5, 0, 4.25],
			"to": [8.5, 2.25, 7],
			"faces": {
				"north": {"uv": [4.25, 13, 4.5, 15.25], "texture": "#0"},
				"east": {"uv": [4.25, 15.25, 7, 13], "rotation": 180, "texture": "#0"},
				"south": {"uv": [6.75, 13, 7, 15.25], "texture": "#0"},
				"west": {"uv": [4.25, 13, 7, 15.25], "texture": "#0"},
				"up": {"uv": [7, 13, 4.25, 13.25], "rotation": 270, "texture": "#0"},
				"down": {"uv": [4.25, 15, 7, 15.25], "rotation": 270, "texture": "#0"}
			}
		},
		{
			"name": "skill8_0_146",
			"from": [7.5, 0, 8.75],
			"to": [8.5, 2.25, 11.75],
			"faces": {
				"north": {"uv": [8.75, 13, 9, 15.25], "texture": "#0"},
				"east": {"uv": [8.75, 15.25, 11.75, 13], "rotation": 180, "texture": "#0"},
				"south": {"uv": [11.5, 13, 11.75, 15.25], "texture": "#0"},
				"west": {"uv": [8.75, 13, 11.75, 15.25], "texture": "#0"},
				"up": {"uv": [11.75, 13, 8.75, 13.25], "rotation": 270, "texture": "#0"},
				"down": {"uv": [8.75, 15, 11.75, 15.25], "rotation": 270, "texture": "#0"}
			}
		},
		{
			"name": "skill8_0_147",
			"from": [7.5, 0.75, 12.5],
			"to": [8.5, 2.25, 13.25],
			"faces": {
				"north": {"uv": [12.5, 13, 12.75, 14.5], "texture": "#0"},
				"east": {"uv": [12.5, 14.5, 13.25, 13], "rotation": 180, "texture": "#0"},
				"south": {"uv": [13, 13, 13.25, 14.5], "texture": "#0"},
				"west": {"uv": [12.5, 13, 13.25, 14.5], "texture": "#0"},
				"up": {"uv": [13.25, 13, 12.5, 13.25], "rotation": 270, "texture": "#0"},
				"down": {"uv": [12.5, 14.25, 13.25, 14.5], "rotation": 270, "texture": "#0"}
			}
		},
		{
			"name": "skill8_0_148",
			"from": [7.5, 1.5, 14],
			"to": [8.5, 2.25, 14.75],
			"faces": {
				"north": {"uv": [14, 13, 14.25, 13.75], "texture": "#0"},
				"east": {"uv": [14, 13.75, 14.75, 13], "rotation": 180, "texture": "#0"},
				"south": {"uv": [14.5, 13, 14.75, 13.75], "texture": "#0"},
				"west": {"uv": [14, 13, 14.75, 13.75], "texture": "#0"},
				"up": {"uv": [14.75, 13, 14, 13.25], "rotation": 270, "texture": "#0"},
				"down": {"uv": [14, 13.5, 14.75, 13.75], "rotation": 270, "texture": "#0"}
			}
		}
	],
	"gui_light": "front",
	"display": {
		"thirdperson_righthand": {
			"rotation": [0, 90, 0],
			"translation": [0, 4, 1],
			"scale": [0.55, 0.55, 0.55]
		},
		"thirdperson_lefthand": {
			"rotation": [0, 90, 0],
			"translation": [0, 4, 1],
			"scale": [0.55, 0.55, 0.55]
		},
		"firstperson_righthand": {
			"rotation": [155.41, -15.94, -162.94],
			"translation": [0.63, 3.2, 1.13],
			"scale": [0.68, 0.68, 0.68]
		},
		"firstperson_lefthand": {
			"rotation": [155, -15, -162],
			"translation": [0.62, 3.2, 1.13],
			"scale": [0.68, 0.68, 0.68]
		},
		"ground": {
			"translation": [0, 2, 0],
			"scale": [0.5, 0.5, 0.5]
		},
		"gui": {
			"rotation": [0, 90, 0],
			"translation": [0, 0.5, 0]
		},
		"head": {
			"rotation": [0, 90, 0],
			"translation": [0, -13.75, 3.5]
		},
		"fixed": {
			"rotation": [0, 90, 0]
		}
	},
	"groups": [
		{
			"name": "skill8_0",
			"origin": [8, 8, 8],
			"color": 0,
			"children": [
				0,
				1,
				2,
				3,
				4,
				5,
				6,
				7,
				8,
				9,
				10,
				11,
				12,
				13,
				14,
				15,
				16,
				17,
				18,
				19,
				20,
				21,
				22,
				23,
				24,
				25,
				26,
				27,
				28,
				29,
				30,
				31,
				32,
				33,
				34,
				35,
				36,
				37,
				38,
				39,
				40,
				41,
				42,
				43,
				44,
				45,
				46,
				47,
				48,
				49,
				50,
				51,
				52,
				53,
				54,
				55,
				56,
				57,
				58,
				59,
				60,
				61,
				62,
				63,
				64,
				65,
				66,
				67,
				68,
				69,
				70,
				71,
				72,
				73,
				74,
				75,
				76,
				77,
				78,
				79,
				80,
				81,
				82,
				83,
				84,
				85,
				86,
				87,
				88,
				89,
				90,
				91,
				92,
				93,
				94,
				95,
				96,
				97,
				98,
				99,
				100,
				101,
				102,
				103,
				104,
				105,
				106,
				107,
				108,
				109,
				110,
				111,
				112,
				113,
				114,
				115,
				116,
				117,
				118,
				119,
				120,
				121,
				122,
				123,
				124,
				125,
				126,
				127,
				128,
				129,
				130,
				131,
				132,
				133,
				134,
				135,
				136,
				137,
				138,
				139,
				140,
				141,
				142,
				143,
				144,
				145,
				146,
				147,
				148
			]
		}
	]
}