{
    "parent": "item/crossbow",
    "textures": {
        "layer0": "item/bow1_pulling_2"
    },
    "display": {
        "thirdperson_righthand": {
            "rotation": [ -90, 0, -55 ],
            "translation": [ -5, -1, -3 ],
            "scale": [ 0.9, 0.9, 0.9 ]
        },
        "thirdperson_lefthand": {
            "rotation": [ -90, 0, 40 ],
            "translation": [ -5, -1, -3 ],
            "scale": [ 0.9, 0.9, 0.9 ]
        },
        "firstperson_righthand": {
            "rotation": [ -90, -10, -35 ],
            "translation": [ -5, 0, 0.13],
            "scale": [ 0.68, 0.68, 0.68 ]
        },
        "firstperson_lefthand": {
            "rotation": [ 0, 90, -25 ],
            "translation": [ 1.13, 3.2, 1.13],
            "scale": [ 0.68, 0.68, 0.68 ]
        }
    }
}
