{
  "parent": "item/handheld_rod",
  "textures": {
    "layer0": "item/carrot_on_a_stick"
  },
  "overrides": [
    { "predicate": {"custom_model_data": 100}, "model": "item/splatoon/supasyo0"},
    { "predicate": {"custom_model_data": 101}, "model": "item/splatoon/supasyo1"},
    { "predicate": {"custom_model_data": 102}, "model": "item/splatoon/supasyo2"},
    { "predicate": {"custom_model_data": 103}, "model": "item/splatoon/supasyo3"},
    { "predicate": {"custom_model_data": 1003}, "model": "item/sword/skill6"},
    { "predicate": {"custom_model_data": 1004}, "model": "item/sword/skill6_0"},
    { "predicate": {"custom_model_data": 1005}, "model": "item/sword/skill8"},
    { "predicate": {"custom_model_data": 1006}, "model": "item/sword/skill8_0"},
    { "predicate": {"custom_model_data": 1007}, "model": "item/sword/skill9_1"},
    { "predicate": {"custom_model_data": 1008}, "model": "item/sword/skill9_2"},
    { "predicate": {"custom_model_data": 1009}, "model": "item/sword/skill9_3"},
    { "predicate": {"custom_model_data": 1010}, "model": "item/sword/skill9_4"},
    { "predicate": {"custom_model_data": 1011}, "model": "item/sword/skill9_0"},
    { "predicate": {"custom_model_data": 1012}, "model": "item/sword/skill10/skill10_1012"},
    { "predicate": {"custom_model_data": 1013}, "model": "item/sword/skill10/skill10_1013"},
    { "predicate": {"custom_model_data": 1014}, "model": "item/sword/skill10/skill10_1014"}
  ]
}