{
  "parent": "item/handheld",
  "textures": {
    "layer0": "item/stone_sword"
  },
  "overrides": [
    { "predicate": {"custom_model_data": 100}, "model": "item/job/berserkerjob_gold"},
    { "predicate": {"custom_model_data": 101}, "model": "item/job/swordjob_iron"},
    { "predicate": {"custom_model_data": 102}, "model": "item/job/minejob_coal"},
    { "predicate": {"custom_model_data": 103}, "model": "item/job/splaerjob_diamond"},
    { "predicate": {"custom_model_data": 104}, "model": "item/job/archerjob_emerald"},
    { "predicate": {"custom_model_data": 105}, "model": "item/job/pharmacistjob_potion"},
    { "predicate": {"custom_model_data": 106}, "model": "item/job/wizardjob_lapis"},
    { "predicate": {"custom_model_data": 107}, "model": "item/job/fighterjob_gold"}
    
  ]
}
