{
	"credit": "Made with Blockbench",
	"textures": {
		"0": "item/sword/skill9_2",
		"particle": "item/sword/skill9_2"
	},
	"elements": [
		{
			"name": "skill9_2_0",
			"from": [7.75, 14, 13],
			"to": [8, 16, 15],
			"faces": {
				"north": {"uv": [14, 0, 14.25, 2], "texture": "#0"},
				"east": {"uv": [14, 2, 16, 0], "rotation": 180, "texture": "#0"},
				"south": {"uv": [15.75, 0, 16, 2], "texture": "#0"},
				"west": {"uv": [14, 0, 16, 2], "texture": "#0"},
				"up": {"uv": [16, 0, 14, 0.25], "rotation": 270, "texture": "#0"},
				"down": {"uv": [14, 1.75, 16, 2], "rotation": 270, "texture": "#0"}
			}
		},
		{
			"name": "skill9_2_1",
			"from": [7.75, 12, 12],
			"to": [8, 15, 13],
			"faces": {
				"north": {"uv": [13, 1, 13.25, 4], "texture": "#0"},
				"east": {"uv": [13, 4, 14, 1], "rotation": 180, "texture": "#0"},
				"south": {"uv": [13.75, 1, 14, 4], "texture": "#0"},
				"west": {"uv": [13, 1, 14, 4], "texture": "#0"},
				"up": {"uv": [14, 1, 13, 1.25], "rotation": 270, "texture": "#0"},
				"down": {"uv": [13, 3.75, 14, 4], "rotation": 270, "texture": "#0"}
			}
		},
		{
			"name": "skill9_2_2",
			"from": [7.75, 12, 5],
			"to": [8, 14, 7],
			"faces": {
				"north": {"uv": [6, 2, 6.25, 4], "texture": "#0"},
				"east": {"uv": [6, 4, 8, 2], "rotation": 180, "texture": "#0"},
				"south": {"uv": [7.75, 2, 8, 4], "texture": "#0"},
				"west": {"uv": [6, 2, 8, 4], "texture": "#0"},
				"up": {"uv": [8, 2, 6, 2.25], "rotation": 270, "texture": "#0"},
				"down": {"uv": [6, 3.75, 8, 4], "rotation": 270, "texture": "#0"}
			}
		},
		{
			"name": "skill9_2_3",
			"from": [7.75, 11, 11],
			"to": [8, 14, 12],
			"faces": {
				"north": {"uv": [12, 2, 12.25, 5], "texture": "#0"},
				"east": {"uv": [12, 5, 13, 2], "rotation": 180, "texture": "#0"},
				"south": {"uv": [12.75, 2, 13, 5], "texture": "#0"},
				"west": {"uv": [12, 2, 13, 5], "texture": "#0"},
				"up": {"uv": [13, 2, 12, 2.25], "rotation": 270, "texture": "#0"},
				"down": {"uv": [12, 4.75, 13, 5], "rotation": 270, "texture": "#0"}
			}
		},
		{
			"name": "skill9_2_4",
			"from": [7.75, 13, 13],
			"to": [8, 14, 14],
			"faces": {
				"north": {"uv": [14, 2, 14.25, 3], "texture": "#0"},
				"east": {"uv": [14, 3, 15, 2], "rotation": 180, "texture": "#0"},
				"south": {"uv": [14.75, 2, 15, 3], "texture": "#0"},
				"west": {"uv": [14, 2, 15, 3], "texture": "#0"},
				"up": {"uv": [15, 2, 14, 2.25], "rotation": 270, "texture": "#0"},
				"down": {"uv": [14, 2.75, 15, 3], "rotation": 270, "texture": "#0"}
			}
		},
		{
			"name": "skill9_2_5",
			"from": [7.75, 7, 7],
			"to": [8, 13, 9],
			"faces": {
				"north": {"uv": [8, 3, 8.25, 9], "texture": "#0"},
				"east": {"uv": [8, 9, 10, 3], "rotation": 180, "texture": "#0"},
				"south": {"uv": [9.75, 3, 10, 9], "texture": "#0"},
				"west": {"uv": [8, 3, 10, 9], "texture": "#0"},
				"up": {"uv": [10, 3, 8, 3.25], "rotation": 270, "texture": "#0"},
				"down": {"uv": [8, 8.75, 10, 9], "rotation": 270, "texture": "#0"}
			}
		},
		{
			"name": "skill9_2_6",
			"from": [7.75, 7, 10],
			"to": [8, 13, 11],
			"faces": {
				"north": {"uv": [11, 3, 11.25, 9], "texture": "#0"},
				"east": {"uv": [11, 9, 12, 3], "rotation": 180, "texture": "#0"},
				"south": {"uv": [11.75, 3, 12, 9], "texture": "#0"},
				"west": {"uv": [11, 3, 12, 9], "texture": "#0"},
				"up": {"uv": [12, 3, 11, 3.25], "rotation": 270, "texture": "#0"},
				"down": {"uv": [11, 8.75, 12, 9], "rotation": 270, "texture": "#0"}
			}
		},
		{
			"name": "skill9_2_7",
			"from": [7.75, 11, 6],
			"to": [8, 12, 7],
			"faces": {
				"north": {"uv": [7, 4, 7.25, 5], "texture": "#0"},
				"east": {"uv": [7, 5, 8, 4], "rotation": 180, "texture": "#0"},
				"south": {"uv": [7.75, 4, 8, 5], "texture": "#0"},
				"west": {"uv": [7, 4, 8, 5], "texture": "#0"},
				"up": {"uv": [8, 4, 7, 4.25], "rotation": 270, "texture": "#0"},
				"down": {"uv": [7, 4.75, 8, 5], "rotation": 270, "texture": "#0"}
			}
		},
		{
			"name": "skill9_2_8",
			"from": [7.75, 8, 9],
			"to": [8, 12, 10],
			"faces": {
				"north": {"uv": [10, 4, 10.25, 8], "texture": "#0"},
				"east": {"uv": [10, 8, 11, 4], "rotation": 180, "texture": "#0"},
				"south": {"uv": [10.75, 4, 11, 8], "texture": "#0"},
				"west": {"uv": [10, 4, 11, 8], "texture": "#0"},
				"up": {"uv": [11, 4, 10, 4.25], "rotation": 270, "texture": "#0"},
				"down": {"uv": [10, 7.75, 11, 8], "rotation": 270, "texture": "#0"}
			}
		},
		{
			"name": "skill9_2_9",
			"from": [7.75, 6, 11],
			"to": [8, 10, 12],
			"faces": {
				"north": {"uv": [12, 6, 12.25, 10], "texture": "#0"},
				"east": {"uv": [12, 10, 13, 6], "rotation": 180, "texture": "#0"},
				"south": {"uv": [12.75, 6, 13, 10], "texture": "#0"},
				"west": {"uv": [12, 6, 13, 10], "texture": "#0"},
				"up": {"uv": [13, 6, 12, 6.25], "rotation": 270, "texture": "#0"},
				"down": {"uv": [12, 9.75, 13, 10], "rotation": 270, "texture": "#0"}
			}
		},
		{
			"name": "skill9_2_10",
			"from": [7.75, 5, 6],
			"to": [8, 9, 7],
			"faces": {
				"north": {"uv": [7, 7, 7.25, 11], "texture": "#0"},
				"east": {"uv": [7, 11, 8, 7], "rotation": 180, "texture": "#0"},
				"south": {"uv": [7.75, 7, 8, 11], "texture": "#0"},
				"west": {"uv": [7, 7, 8, 11], "texture": "#0"},
				"up": {"uv": [8, 7, 7, 7.25], "rotation": 270, "texture": "#0"},
				"down": {"uv": [7, 10.75, 8, 11], "rotation": 270, "texture": "#0"}
			}
		},
		{
			"name": "skill9_2_11",
			"from": [7.75, 4, 5],
			"to": [8, 8, 6],
			"faces": {
				"north": {"uv": [6, 8, 6.25, 12], "texture": "#0"},
				"east": {"uv": [6, 12, 7, 8], "rotation": 180, "texture": "#0"},
				"south": {"uv": [6.75, 8, 7, 12], "texture": "#0"},
				"west": {"uv": [6, 8, 7, 12], "texture": "#0"},
				"up": {"uv": [7, 8, 6, 8.25], "rotation": 270, "texture": "#0"},
				"down": {"uv": [6, 11.75, 7, 12], "rotation": 270, "texture": "#0"}
			}
		},
		{
			"name": "skill9_2_12",
			"from": [7.75, 6, 12],
			"to": [8, 8, 13],
			"faces": {
				"north": {"uv": [13, 8, 13.25, 10], "texture": "#0"},
				"east": {"uv": [13, 10, 14, 8], "rotation": 180, "texture": "#0"},
				"south": {"uv": [13.75, 8, 14, 10], "texture": "#0"},
				"west": {"uv": [13, 8, 14, 10], "texture": "#0"},
				"up": {"uv": [14, 8, 13, 8.25], "rotation": 270, "texture": "#0"},
				"down": {"uv": [13, 9.75, 14, 10], "rotation": 270, "texture": "#0"}
			}
		},
		{
			"name": "skill9_2_13",
			"from": [7.75, 3, 4],
			"to": [8, 7, 5],
			"faces": {
				"north": {"uv": [5, 9, 5.25, 13], "texture": "#0"},
				"east": {"uv": [5, 13, 6, 9], "rotation": 180, "texture": "#0"},
				"south": {"uv": [5.75, 9, 6, 13], "texture": "#0"},
				"west": {"uv": [5, 9, 6, 13], "texture": "#0"},
				"up": {"uv": [6, 9, 5, 9.25], "rotation": 270, "texture": "#0"},
				"down": {"uv": [5, 12.75, 6, 13], "rotation": 270, "texture": "#0"}
			}
		},
		{
			"name": "skill9_2_14",
			"from": [7.75, 6, 7],
			"to": [8, 7, 8],
			"faces": {
				"north": {"uv": [8, 9, 8.25, 10], "texture": "#0"},
				"east": {"uv": [8, 10, 9, 9], "rotation": 180, "texture": "#0"},
				"south": {"uv": [8.75, 9, 9, 10], "texture": "#0"},
				"west": {"uv": [8, 9, 9, 10], "texture": "#0"},
				"up": {"uv": [9, 9, 8, 9.25], "rotation": 270, "texture": "#0"},
				"down": {"uv": [8, 9.75, 9, 10], "rotation": 270, "texture": "#0"}
			}
		},
		{
			"name": "skill9_2_15",
			"from": [7.75, 6.25, 10.25],
			"to": [8, 6.5, 10.5],
			"faces": {
				"north": {"uv": [11.25, 9.5, 11.5, 9.75], "texture": "#0"},
				"east": {"uv": [11.25, 9.75, 11.5, 9.5], "rotation": 180, "texture": "#0"},
				"south": {"uv": [11.25, 9.5, 11.5, 9.75], "texture": "#0"},
				"west": {"uv": [11.25, 9.5, 11.5, 9.75], "texture": "#0"},
				"up": {"uv": [11.5, 9.5, 11.25, 9.75], "rotation": 270, "texture": "#0"},
				"down": {"uv": [11.25, 9.5, 11.5, 9.75], "rotation": 270, "texture": "#0"}
			}
		},
		{
			"name": "skill9_2_16",
			"from": [7.75, 2, 3],
			"to": [8, 6, 4],
			"faces": {
				"north": {"uv": [4, 10, 4.25, 14], "texture": "#0"},
				"east": {"uv": [4, 14, 5, 10], "rotation": 180, "texture": "#0"},
				"south": {"uv": [4.75, 10, 5, 14], "texture": "#0"},
				"west": {"uv": [4, 10, 5, 14], "texture": "#0"},
				"up": {"uv": [5, 10, 4, 10.25], "rotation": 270, "texture": "#0"},
				"down": {"uv": [4, 13.75, 5, 14], "rotation": 270, "texture": "#0"}
			}
		},
		{
			"name": "skill9_2_17",
			"from": [7.75, 5.75, 11],
			"to": [8, 6, 11.25],
			"faces": {
				"north": {"uv": [12, 10, 12.25, 10.25], "texture": "#0"},
				"east": {"uv": [12, 10.25, 12.25, 10], "rotation": 180, "texture": "#0"},
				"south": {"uv": [12, 10, 12.25, 10.25], "texture": "#0"},
				"west": {"uv": [12, 10, 12.25, 10.25], "texture": "#0"},
				"up": {"uv": [12.25, 10, 12, 10.25], "rotation": 270, "texture": "#0"},
				"down": {"uv": [12, 10, 12.25, 10.25], "rotation": 270, "texture": "#0"}
			}
		},
		{
			"name": "skill9_2_18",
			"from": [7.75, 5.5, 11.25],
			"to": [8, 5.75, 11.75],
			"faces": {
				"north": {"uv": [12.25, 10.25, 12.5, 10.5], "texture": "#0"},
				"east": {"uv": [12.25, 10.5, 12.75, 10.25], "rotation": 180, "texture": "#0"},
				"south": {"uv": [12.5, 10.25, 12.75, 10.5], "texture": "#0"},
				"west": {"uv": [12.25, 10.25, 12.75, 10.5], "texture": "#0"},
				"up": {"uv": [12.75, 10.25, 12.25, 10.5], "rotation": 270, "texture": "#0"},
				"down": {"uv": [12.25, 10.25, 12.75, 10.5], "rotation": 270, "texture": "#0"}
			}
		},
		{
			"name": "skill9_2_19",
			"from": [7.75, 5.25, 11.5],
			"to": [8, 5.5, 12],
			"faces": {
				"north": {"uv": [12.5, 10.5, 12.75, 10.75], "texture": "#0"},
				"east": {"uv": [12.5, 10.75, 13, 10.5], "rotation": 180, "texture": "#0"},
				"south": {"uv": [12.75, 10.5, 13, 10.75], "texture": "#0"},
				"west": {"uv": [12.5, 10.5, 13, 10.75], "texture": "#0"},
				"up": {"uv": [13, 10.5, 12.5, 10.75], "rotation": 270, "texture": "#0"},
				"down": {"uv": [12.5, 10.5, 13, 10.75], "rotation": 270, "texture": "#0"}
			}
		},
		{
			"name": "skill9_2_20",
			"from": [7.75, 5, 11.75],
			"to": [8, 5.25, 12.5],
			"faces": {
				"north": {"uv": [12.75, 10.75, 13, 11], "texture": "#0"},
				"east": {"uv": [12.75, 11, 13.5, 10.75], "rotation": 180, "texture": "#0"},
				"south": {"uv": [13.25, 10.75, 13.5, 11], "texture": "#0"},
				"west": {"uv": [12.75, 10.75, 13.5, 11], "texture": "#0"},
				"up": {"uv": [13.5, 10.75, 12.75, 11], "rotation": 270, "texture": "#0"},
				"down": {"uv": [12.75, 10.75, 13.5, 11], "rotation": 270, "texture": "#0"}
			}
		},
		{
			"name": "skill9_2_21",
			"from": [7.75, 1, 2],
			"to": [8, 5, 3],
			"faces": {
				"north": {"uv": [3, 11, 3.25, 15], "texture": "#0"},
				"east": {"uv": [3, 15, 4, 11], "rotation": 180, "texture": "#0"},
				"south": {"uv": [3.75, 11, 4, 15], "texture": "#0"},
				"west": {"uv": [3, 11, 4, 15], "texture": "#0"},
				"up": {"uv": [4, 11, 3, 11.25], "rotation": 270, "texture": "#0"},
				"down": {"uv": [3, 14.75, 4, 15], "rotation": 270, "texture": "#0"}
			}
		},
		{
			"name": "skill9_2_22",
			"from": [7.75, 4.75, 10.75],
			"to": [8, 5, 11],
			"faces": {
				"north": {"uv": [11.75, 11, 12, 11.25], "texture": "#0"},
				"east": {"uv": [11.75, 11.25, 12, 11], "rotation": 180, "texture": "#0"},
				"south": {"uv": [11.75, 11, 12, 11.25], "texture": "#0"},
				"west": {"uv": [11.75, 11, 12, 11.25], "texture": "#0"},
				"up": {"uv": [12, 11, 11.75, 11.25], "rotation": 270, "texture": "#0"},
				"down": {"uv": [11.75, 11, 12, 11.25], "rotation": 270, "texture": "#0"}
			}
		},
		{
			"name": "skill9_2_23",
			"from": [7.75, 4.5, 12],
			"to": [8, 5, 13],
			"faces": {
				"north": {"uv": [13, 11, 13.25, 11.5], "texture": "#0"},
				"east": {"uv": [13, 11.5, 14, 11], "rotation": 180, "texture": "#0"},
				"south": {"uv": [13.75, 11, 14, 11.5], "texture": "#0"},
				"west": {"uv": [13, 11, 14, 11.5], "texture": "#0"},
				"up": {"uv": [14, 11, 13, 11.25], "rotation": 270, "texture": "#0"},
				"down": {"uv": [13, 11.25, 14, 11.5], "rotation": 270, "texture": "#0"}
			}
		},
		{
			"name": "skill9_2_24",
			"from": [7.75, 0.75, 13.5],
			"to": [8, 5, 13.75],
			"faces": {
				"north": {"uv": [14.5, 11, 14.75, 15.25], "texture": "#0"},
				"east": {"uv": [14.5, 15.25, 14.75, 11], "rotation": 180, "texture": "#0"},
				"south": {"uv": [14.5, 11, 14.75, 15.25], "texture": "#0"},
				"west": {"uv": [14.5, 11, 14.75, 15.25], "texture": "#0"},
				"up": {"uv": [14.75, 11, 14.5, 11.25], "rotation": 270, "texture": "#0"},
				"down": {"uv": [14.5, 15, 14.75, 15.25], "rotation": 270, "texture": "#0"}
			}
		},
		{
			"name": "skill9_2_25",
			"from": [7.75, 0.5, 13],
			"to": [8, 4.75, 13.5],
			"faces": {
				"north": {"uv": [14, 11.25, 14.25, 15.5], "texture": "#0"},
				"east": {"uv": [14, 15.5, 14.5, 11.25], "rotation": 180, "texture": "#0"},
				"south": {"uv": [14.25, 11.25, 14.5, 15.5], "texture": "#0"},
				"west": {"uv": [14, 11.25, 14.5, 15.5], "texture": "#0"},
				"up": {"uv": [14.5, 11.25, 14, 11.5], "rotation": 270, "texture": "#0"},
				"down": {"uv": [14, 15.25, 14.5, 15.5], "rotation": 270, "texture": "#0"}
			}
		},
		{
			"name": "skill9_2_26",
			"from": [7.75, 1, 13.75],
			"to": [8, 4.75, 14],
			"faces": {
				"north": {"uv": [14.75, 11.25, 15, 15], "texture": "#0"},
				"east": {"uv": [14.75, 15, 15, 11.25], "rotation": 180, "texture": "#0"},
				"south": {"uv": [14.75, 11.25, 15, 15], "texture": "#0"},
				"west": {"uv": [14.75, 11.25, 15, 15], "texture": "#0"},
				"up": {"uv": [15, 11.25, 14.75, 11.5], "rotation": 270, "texture": "#0"},
				"down": {"uv": [14.75, 14.75, 15, 15], "rotation": 270, "texture": "#0"}
			}
		},
		{
			"name": "skill9_2_27",
			"from": [7.75, 2.75, 11],
			"to": [8, 4.5, 11.25],
			"faces": {
				"north": {"uv": [12, 11.5, 12.25, 13.25], "texture": "#0"},
				"east": {"uv": [12, 13.25, 12.25, 11.5], "rotation": 180, "texture": "#0"},
				"south": {"uv": [12, 11.5, 12.25, 13.25], "texture": "#0"},
				"west": {"uv": [12, 11.5, 12.25, 13.25], "texture": "#0"},
				"up": {"uv": [12.25, 11.5, 12, 11.75], "rotation": 270, "texture": "#0"},
				"down": {"uv": [12, 13, 12.25, 13.25], "rotation": 270, "texture": "#0"}
			}
		},
		{
			"name": "skill9_2_28",
			"from": [7.75, 4, 12.25],
			"to": [8, 4.5, 13],
			"faces": {
				"north": {"uv": [13.25, 11.5, 13.5, 12], "texture": "#0"},
				"east": {"uv": [13.25, 12, 14, 11.5], "rotation": 180, "texture": "#0"},
				"south": {"uv": [13.75, 11.5, 14, 12], "texture": "#0"},
				"west": {"uv": [13.25, 11.5, 14, 12], "texture": "#0"},
				"up": {"uv": [14, 11.5, 13.25, 11.75], "rotation": 270, "texture": "#0"},
				"down": {"uv": [13.25, 11.75, 14, 12], "rotation": 270, "texture": "#0"}
			}
		},
		{
			"name": "skill9_2_29",
			"from": [7.75, 2.75, 11.25],
			"to": [8, 4.25, 11.5],
			"faces": {
				"north": {"uv": [12.25, 11.75, 12.5, 13.25], "texture": "#0"},
				"east": {"uv": [12.25, 13.25, 12.5, 11.75], "rotation": 180, "texture": "#0"},
				"south": {"uv": [12.25, 11.75, 12.5, 13.25], "texture": "#0"},
				"west": {"uv": [12.25, 11.75, 12.5, 13.25], "texture": "#0"},
				"up": {"uv": [12.5, 11.75, 12.25, 12], "rotation": 270, "texture": "#0"},
				"down": {"uv": [12.25, 13, 12.5, 13.25], "rotation": 270, "texture": "#0"}
			}
		},
		{
			"name": "skill9_2_30",
			"from": [7.75, 1.25, 14],
			"to": [8, 4.25, 14.25],
			"faces": {
				"north": {"uv": [15, 11.75, 15.25, 14.75], "texture": "#0"},
				"east": {"uv": [15, 14.75, 15.25, 11.75], "rotation": 180, "texture": "#0"},
				"south": {"uv": [15, 11.75, 15.25, 14.75], "texture": "#0"},
				"west": {"uv": [15, 11.75, 15.25, 14.75], "texture": "#0"},
				"up": {"uv": [15.25, 11.75, 15, 12], "rotation": 270, "texture": "#0"},
				"down": {"uv": [15, 14.5, 15.25, 14.75], "rotation": 270, "texture": "#0"}
			}
		},
		{
			"name": "skill9_2_31",
			"from": [7.75, 0, 1],
			"to": [8, 4, 2],
			"faces": {
				"north": {"uv": [2, 12, 2.25, 16], "texture": "#0"},
				"east": {"uv": [2, 16, 3, 12], "rotation": 180, "texture": "#0"},
				"south": {"uv": [2.75, 12, 3, 16], "texture": "#0"},
				"west": {"uv": [2, 12, 3, 16], "texture": "#0"},
				"up": {"uv": [3, 12, 2, 12.25], "rotation": 270, "texture": "#0"},
				"down": {"uv": [2, 15.75, 3, 16], "rotation": 270, "texture": "#0"}
			}
		},
		{
			"name": "skill9_2_32",
			"from": [7.75, 3, 11.5],
			"to": [8, 4, 11.75],
			"faces": {
				"north": {"uv": [12.5, 12, 12.75, 13], "texture": "#0"},
				"east": {"uv": [12.5, 13, 12.75, 12], "rotation": 180, "texture": "#0"},
				"south": {"uv": [12.5, 12, 12.75, 13], "texture": "#0"},
				"west": {"uv": [12.5, 12, 12.75, 13], "texture": "#0"},
				"up": {"uv": [12.75, 12, 12.5, 12.25], "rotation": 270, "texture": "#0"},
				"down": {"uv": [12.5, 12.75, 12.75, 13], "rotation": 270, "texture": "#0"}
			}
		},
		{
			"name": "skill9_2_33",
			"from": [7.75, 3.25, 12.5],
			"to": [8, 4, 13],
			"faces": {
				"north": {"uv": [13.5, 12, 13.75, 12.75], "texture": "#0"},
				"east": {"uv": [13.5, 12.75, 14, 12], "rotation": 180, "texture": "#0"},
				"south": {"uv": [13.75, 12, 14, 12.75], "texture": "#0"},
				"west": {"uv": [13.5, 12, 14, 12.75], "texture": "#0"},
				"up": {"uv": [14, 12, 13.5, 12.25], "rotation": 270, "texture": "#0"},
				"down": {"uv": [13.5, 12.5, 14, 12.75], "rotation": 270, "texture": "#0"}
			}
		},
		{
			"name": "skill9_2_34",
			"from": [7.75, 1.5, 14.25],
			"to": [8, 4, 14.5],
			"faces": {
				"north": {"uv": [15.25, 12, 15.5, 14.5], "texture": "#0"},
				"east": {"uv": [15.25, 14.5, 15.5, 12], "rotation": 180, "texture": "#0"},
				"south": {"uv": [15.25, 12, 15.5, 14.5], "texture": "#0"},
				"west": {"uv": [15.25, 12, 15.5, 14.5], "texture": "#0"},
				"up": {"uv": [15.5, 12, 15.25, 12.25], "rotation": 270, "texture": "#0"},
				"down": {"uv": [15.25, 14.25, 15.5, 14.5], "rotation": 270, "texture": "#0"}
			}
		},
		{
			"name": "skill9_2_35",
			"from": [7.75, 3, 9.75],
			"to": [8, 3.25, 10.25],
			"faces": {
				"north": {"uv": [10.75, 12.75, 11, 13], "texture": "#0"},
				"east": {"uv": [10.75, 13, 11.25, 12.75], "rotation": 180, "texture": "#0"},
				"south": {"uv": [11, 12.75, 11.25, 13], "texture": "#0"},
				"west": {"uv": [10.75, 12.75, 11.25, 13], "texture": "#0"},
				"up": {"uv": [11.25, 12.75, 10.75, 13], "rotation": 270, "texture": "#0"},
				"down": {"uv": [10.75, 12.75, 11.25, 13], "rotation": 270, "texture": "#0"}
			}
		},
		{
			"name": "skill9_2_36",
			"from": [7.75, 2.5, 10.75],
			"to": [8, 3.25, 11],
			"faces": {
				"north": {"uv": [11.75, 12.75, 12, 13.5], "texture": "#0"},
				"east": {"uv": [11.75, 13.5, 12, 12.75], "rotation": 180, "texture": "#0"},
				"south": {"uv": [11.75, 12.75, 12, 13.5], "texture": "#0"},
				"west": {"uv": [11.75, 12.75, 12, 13.5], "texture": "#0"},
				"up": {"uv": [12, 12.75, 11.75, 13], "rotation": 270, "texture": "#0"},
				"down": {"uv": [11.75, 13.25, 12, 13.5], "rotation": 270, "texture": "#0"}
			}
		},
		{
			"name": "skill9_2_37",
			"from": [7.75, 0.5, 12.75],
			"to": [8, 3.25, 13],
			"faces": {
				"north": {"uv": [13.75, 12.75, 14, 15.5], "texture": "#0"},
				"east": {"uv": [13.75, 15.5, 14, 12.75], "rotation": 180, "texture": "#0"},
				"south": {"uv": [13.75, 12.75, 14, 15.5], "texture": "#0"},
				"west": {"uv": [13.75, 12.75, 14, 15.5], "texture": "#0"},
				"up": {"uv": [14, 12.75, 13.75, 13], "rotation": 270, "texture": "#0"},
				"down": {"uv": [13.75, 15.25, 14, 15.5], "rotation": 270, "texture": "#0"}
			}
		},
		{
			"name": "skill9_2_38",
			"from": [7.75, 0, 0],
			"to": [8, 3, 1],
			"faces": {
				"north": {"uv": [1, 13, 1.25, 16], "texture": "#0"},
				"east": {"uv": [1, 16, 2, 13], "rotation": 180, "texture": "#0"},
				"south": {"uv": [1.75, 13, 2, 16], "texture": "#0"},
				"west": {"uv": [1, 13, 2, 16], "texture": "#0"},
				"up": {"uv": [2, 13, 1, 13.25], "rotation": 270, "texture": "#0"},
				"down": {"uv": [1, 15.75, 2, 16], "rotation": 270, "texture": "#0"}
			}
		},
		{
			"name": "skill9_2_39",
			"from": [7.75, 2.75, 10],
			"to": [8, 3, 10.75],
			"faces": {
				"north": {"uv": [11, 13, 11.25, 13.25], "texture": "#0"},
				"east": {"uv": [11, 13.25, 11.75, 13], "rotation": 180, "texture": "#0"},
				"south": {"uv": [11.5, 13, 11.75, 13.25], "texture": "#0"},
				"west": {"uv": [11, 13, 11.75, 13.25], "texture": "#0"},
				"up": {"uv": [11.75, 13, 11, 13.25], "rotation": 270, "texture": "#0"},
				"down": {"uv": [11, 13, 11.75, 13.25], "rotation": 270, "texture": "#0"}
			}
		},
		{
			"name": "skill9_2_40",
			"from": [7.75, 2.5, 10.25],
			"to": [8, 2.75, 10.75],
			"faces": {
				"north": {"uv": [11.25, 13.25, 11.5, 13.5], "texture": "#0"},
				"east": {"uv": [11.25, 13.5, 11.75, 13.25], "rotation": 180, "texture": "#0"},
				"south": {"uv": [11.5, 13.25, 11.75, 13.5], "texture": "#0"},
				"west": {"uv": [11.25, 13.25, 11.75, 13.5], "texture": "#0"},
				"up": {"uv": [11.75, 13.25, 11.25, 13.5], "rotation": 270, "texture": "#0"},
				"down": {"uv": [11.25, 13.25, 11.75, 13.5], "rotation": 270, "texture": "#0"}
			}
		},
		{
			"name": "skill9_2_41",
			"from": [7.75, 0.5, 12.5],
			"to": [8, 2.75, 12.75],
			"faces": {
				"north": {"uv": [13.5, 13.25, 13.75, 15.5], "texture": "#0"},
				"east": {"uv": [13.5, 15.5, 13.75, 13.25], "rotation": 180, "texture": "#0"},
				"south": {"uv": [13.5, 13.25, 13.75, 15.5], "texture": "#0"},
				"west": {"uv": [13.5, 13.25, 13.75, 15.5], "texture": "#0"},
				"up": {"uv": [13.75, 13.25, 13.5, 13.5], "rotation": 270, "texture": "#0"},
				"down": {"uv": [13.5, 15.25, 13.75, 15.5], "rotation": 270, "texture": "#0"}
			}
		},
		{
			"name": "skill9_2_42",
			"from": [7.75, 0.5, 12],
			"to": [8, 2.25, 12.5],
			"faces": {
				"north": {"uv": [13, 13.75, 13.25, 15.5], "texture": "#0"},
				"east": {"uv": [13, 15.5, 13.5, 13.75], "rotation": 180, "texture": "#0"},
				"south": {"uv": [13.25, 13.75, 13.5, 15.5], "texture": "#0"},
				"west": {"uv": [13, 13.75, 13.5, 15.5], "texture": "#0"},
				"up": {"uv": [13.5, 13.75, 13, 14], "rotation": 270, "texture": "#0"},
				"down": {"uv": [13, 15.25, 13.5, 15.5], "rotation": 270, "texture": "#0"}
			}
		},
		{
			"name": "skill9_2_43",
			"from": [7.75, 0.5, 11.75],
			"to": [8, 2, 12],
			"faces": {
				"north": {"uv": [12.75, 14, 13, 15.5], "texture": "#0"},
				"east": {"uv": [12.75, 15.5, 13, 14], "rotation": 180, "texture": "#0"},
				"south": {"uv": [12.75, 14, 13, 15.5], "texture": "#0"},
				"west": {"uv": [12.75, 14, 13, 15.5], "texture": "#0"},
				"up": {"uv": [13, 14, 12.75, 14.25], "rotation": 270, "texture": "#0"},
				"down": {"uv": [12.75, 15.25, 13, 15.5], "rotation": 270, "texture": "#0"}
			}
		},
		{
			"name": "skill9_2_44",
			"from": [7.75, 1.5, 9.75],
			"to": [8, 1.75, 10],
			"faces": {
				"north": {"uv": [10.75, 14.25, 11, 14.5], "texture": "#0"},
				"east": {"uv": [10.75, 14.5, 11, 14.25], "rotation": 180, "texture": "#0"},
				"south": {"uv": [10.75, 14.25, 11, 14.5], "texture": "#0"},
				"west": {"uv": [10.75, 14.25, 11, 14.5], "texture": "#0"},
				"up": {"uv": [11, 14.25, 10.75, 14.5], "rotation": 270, "texture": "#0"},
				"down": {"uv": [10.75, 14.25, 11, 14.5], "rotation": 270, "texture": "#0"}
			}
		},
		{
			"name": "skill9_2_45",
			"from": [7.75, 0.5, 11.5],
			"to": [8, 1.75, 11.75],
			"faces": {
				"north": {"uv": [12.5, 14.25, 12.75, 15.5], "texture": "#0"},
				"east": {"uv": [12.5, 15.5, 12.75, 14.25], "rotation": 180, "texture": "#0"},
				"south": {"uv": [12.5, 14.25, 12.75, 15.5], "texture": "#0"},
				"west": {"uv": [12.5, 14.25, 12.75, 15.5], "texture": "#0"},
				"up": {"uv": [12.75, 14.25, 12.5, 14.5], "rotation": 270, "texture": "#0"},
				"down": {"uv": [12.5, 15.25, 12.75, 15.5], "rotation": 270, "texture": "#0"}
			}
		},
		{
			"name": "skill9_2_46",
			"from": [7.75, 1.25, 10],
			"to": [8, 1.5, 10.75],
			"faces": {
				"north": {"uv": [11, 14.5, 11.25, 14.75], "texture": "#0"},
				"east": {"uv": [11, 14.75, 11.75, 14.5], "rotation": 180, "texture": "#0"},
				"south": {"uv": [11.5, 14.5, 11.75, 14.75], "texture": "#0"},
				"west": {"uv": [11, 14.5, 11.75, 14.75], "texture": "#0"},
				"up": {"uv": [11.75, 14.5, 11, 14.75], "rotation": 270, "texture": "#0"},
				"down": {"uv": [11, 14.5, 11.75, 14.75], "rotation": 270, "texture": "#0"}
			}
		},
		{
			"name": "skill9_2_47",
			"from": [7.75, 0.5, 11.25],
			"to": [8, 1.5, 11.5],
			"faces": {
				"north": {"uv": [12.25, 14.5, 12.5, 15.5], "texture": "#0"},
				"east": {"uv": [12.25, 15.5, 12.5, 14.5], "rotation": 180, "texture": "#0"},
				"south": {"uv": [12.25, 14.5, 12.5, 15.5], "texture": "#0"},
				"west": {"uv": [12.25, 14.5, 12.5, 15.5], "texture": "#0"},
				"up": {"uv": [12.5, 14.5, 12.25, 14.75], "rotation": 270, "texture": "#0"},
				"down": {"uv": [12.25, 15.25, 12.5, 15.5], "rotation": 270, "texture": "#0"}
			}
		},
		{
			"name": "skill9_2_48",
			"from": [7.75, 1, 10.5],
			"to": [8, 1.25, 11.25],
			"faces": {
				"north": {"uv": [11.5, 14.75, 11.75, 15], "texture": "#0"},
				"east": {"uv": [11.5, 15, 12.25, 14.75], "rotation": 180, "texture": "#0"},
				"south": {"uv": [12, 14.75, 12.25, 15], "texture": "#0"},
				"west": {"uv": [11.5, 14.75, 12.25, 15], "texture": "#0"},
				"up": {"uv": [12.25, 14.75, 11.5, 15], "rotation": 270, "texture": "#0"},
				"down": {"uv": [11.5, 14.75, 12.25, 15], "rotation": 270, "texture": "#0"}
			}
		},
		{
			"name": "skill9_2_49",
			"from": [7.75, 0.75, 11],
			"to": [8, 1, 11.25],
			"faces": {
				"north": {"uv": [12, 15, 12.25, 15.25], "texture": "#0"},
				"east": {"uv": [12, 15.25, 12.25, 15], "rotation": 180, "texture": "#0"},
				"south": {"uv": [12, 15, 12.25, 15.25], "texture": "#0"},
				"west": {"uv": [12, 15, 12.25, 15.25], "texture": "#0"},
				"up": {"uv": [12.25, 15, 12, 15.25], "rotation": 270, "texture": "#0"},
				"down": {"uv": [12, 15, 12.25, 15.25], "rotation": 270, "texture": "#0"}
			}
		},
		{
			"name": "skill9_2_50",
			"from": [7.75, 0.25, 12.25],
			"to": [8, 0.5, 12.5],
			"faces": {
				"north": {"uv": [13.25, 15.5, 13.5, 15.75], "texture": "#0"},
				"east": {"uv": [13.25, 15.75, 13.5, 15.5], "rotation": 180, "texture": "#0"},
				"south": {"uv": [13.25, 15.5, 13.5, 15.75], "texture": "#0"},
				"west": {"uv": [13.25, 15.5, 13.5, 15.75], "texture": "#0"},
				"up": {"uv": [13.5, 15.5, 13.25, 15.75], "rotation": 270, "texture": "#0"},
				"down": {"uv": [13.25, 15.5, 13.5, 15.75], "rotation": 270, "texture": "#0"}
			}
		}
	],
	"gui_light": "front",
	"display": {
		"thirdperson_righthand": {
			"rotation": [-40.03, 2.3, 1.94],
			"translation": [0, -7.75, 0]
		},
		"thirdperson_lefthand": {
			"rotation": [-40.03, 2.3, 1.94],
			"translation": [0, -7.75, 0]
		},
		"firstperson_righthand": {
			"rotation": [0, -180, 0],
			"translation": [1, -2.5, 0]
		},
		"firstperson_lefthand": {
			"rotation": [0, -180, 0],
			"translation": [1, -2.5, 0]
		},
		"ground": {
			"rotation": [-45, 0, 0],
			"translation": [0, 7, 0]
		},
		"gui": {
			"rotation": [21.12, 88.11, -21.16]
		},
		"fixed": {
			"rotation": [0, -90, 0],
			"translation": [0, 0, -0.5]
		}
	},
	"groups": [
		{
			"name": "skill9_2",
			"origin": [8, 8, 8],
			"color": 0,
			"children": [
				0,
				1,
				2,
				3,
				4,
				5,
				6,
				7,
				8,
				9,
				10,
				11,
				12,
				13,
				14,
				15,
				16,
				17,
				18,
				19,
				20,
				21,
				22,
				23,
				24,
				25,
				26,
				27,
				28,
				29,
				30,
				31,
				32,
				33,
				34,
				35,
				36,
				37,
				38,
				39,
				40,
				41,
				42,
				43,
				44,
				45,
				46,
				47,
				48,
				49,
				50
			]
		}
	]
}