{
	"credit": "Made with Blockbench",
	"textures": {
		"0": "item/marumisa2",
		"1": "item/marumisa1"
	},
	"elements": [
		{
			"from": [5, 0, 4],
			"to": [6, 1, 5],
			"shade": false,
			"faces": {
				"north": {"uv": [0, 0, 16, 16], "texture": "#0"},
				"east": {"uv": [0, 0, 16, 16], "texture": "#0"},
				"south": {"uv": [0, 0, 16, 16], "texture": "#0"},
				"west": {"uv": [0, 0, 16, 16], "texture": "#0"},
				"down": {"uv": [0, 0, 16, 16], "texture": "#0"}
			}
		},
		{
			"from": [1, 1, 2],
			"to": [2, 2, 3],
			"shade": false,
			"faces": {
				"north": {"uv": [0, 0, 16, 16], "texture": "#0"},
				"east": {"uv": [0, 0, 16, 16], "texture": "#0"},
				"west": {"uv": [0, 0, 16, 16], "texture": "#0"},
				"down": {"uv": [0, 0, 16, 16], "texture": "#0"}
			}
		},
		{
			"from": [1, 1, 3],
			"to": [2, 2, 4],
			"shade": false,
			"faces": {
				"east": {"uv": [0, 0, 16, 16], "texture": "#0"},
				"west": {"uv": [0, 0, 16, 16], "texture": "#0"},
				"down": {"uv": [0, 0, 16, 16], "texture": "#0"}
			}
		},
		{
			"from": [1, 1, 4],
			"to": [2, 2, 5],
			"shade": false,
			"faces": {
				"east": {"uv": [0, 0, 16, 16], "texture": "#0"},
				"west": {"uv": [0, 0, 16, 16], "texture": "#0"},
				"down": {"uv": [0, 0, 16, 16], "texture": "#0"}
			}
		},
		{
			"from": [1, 1, 5],
			"to": [2, 2, 6],
			"shade": false,
			"faces": {
				"east": {"uv": [0, 0, 16, 16], "texture": "#0"},
				"south": {"uv": [0, 0, 16, 16], "texture": "#0"},
				"west": {"uv": [0, 0, 16, 16], "texture": "#0"},
				"down": {"uv": [0, 0, 16, 16], "texture": "#0"}
			}
		},
		{
			"from": [4, 1, 3],
			"to": [5, 2, 4],
			"shade": false,
			"faces": {
				"north": {"uv": [0, 0, 16, 16], "texture": "#0"},
				"west": {"uv": [0, 0, 16, 16], "texture": "#0"},
				"down": {"uv": [0, 0, 16, 16], "texture": "#0"}
			}
		},
		{
			"from": [4, 1, 4],
			"to": [5, 2, 5],
			"shade": false,
			"faces": {
				"south": {"uv": [0, 0, 16, 16], "texture": "#0"},
				"west": {"uv": [0, 0, 16, 16], "texture": "#0"},
				"down": {"uv": [0, 0, 16, 16], "texture": "#0"}
			}
		},
		{
			"from": [5, 1, 3],
			"to": [6, 2, 4],
			"shade": false,
			"faces": {
				"north": {"uv": [0, 0, 16, 16], "texture": "#0"},
				"east": {"uv": [0, 0, 16, 16], "texture": "#0"},
				"down": {"uv": [0, 0, 16, 16], "texture": "#0"}
			}
		},
		{
			"from": [5, 1, 4],
			"to": [6, 2, 5],
			"shade": false,
			"faces": {
				"east": {"uv": [0, 0, 16, 16], "texture": "#0"},
				"south": {"uv": [0, 0, 16, 16], "texture": "#0"}
			}
		},
		{
			"from": [9, 1, 3],
			"to": [10, 2, 4],
			"shade": false,
			"faces": {
				"north": {"uv": [0, 0, 16, 16], "texture": "#0"},
				"west": {"uv": [0, 0, 16, 16], "texture": "#0"},
				"down": {"uv": [0, 0, 16, 16], "texture": "#0"}
			}
		},
		{
			"from": [9, 1, 4],
			"to": [10, 2, 5],
			"shade": false,
			"faces": {
				"south": {"uv": [0, 0, 16, 16], "texture": "#0"},
				"west": {"uv": [0, 0, 16, 16], "texture": "#0"},
				"down": {"uv": [0, 0, 16, 16], "texture": "#0"}
			}
		},
		{
			"from": [10, 1, 3],
			"to": [11, 2, 4],
			"shade": false,
			"faces": {
				"north": {"uv": [0, 0, 16, 16], "texture": "#0"},
				"east": {"uv": [0, 0, 16, 16], "texture": "#0"},
				"down": {"uv": [0, 0, 16, 16], "texture": "#0"}
			}
		},
		{
			"from": [10, 1, 4],
			"to": [11, 2, 5],
			"shade": false,
			"faces": {
				"east": {"uv": [0, 0, 16, 16], "texture": "#0"},
				"south": {"uv": [0, 0, 16, 16], "texture": "#0"},
				"down": {"uv": [0, 0, 16, 16], "texture": "#0"}
			}
		},
		{
			"from": [0, 2, 3],
			"to": [1, 3, 4],
			"shade": false,
			"faces": {
				"north": {"uv": [0, 0, 16, 16], "texture": "#0"},
				"west": {"uv": [0, 0, 16, 16], "texture": "#0"},
				"down": {"uv": [0, 0, 16, 16], "texture": "#0"}
			}
		},
		{
			"from": [0, 2, 4],
			"to": [1, 3, 5],
			"shade": false,
			"faces": {
				"south": {"uv": [0, 0, 16, 16], "texture": "#0"},
				"west": {"uv": [0, 0, 16, 16], "texture": "#0"},
				"down": {"uv": [0, 0, 16, 16], "texture": "#0"}
			}
		},
		{
			"from": [1, 2, 2],
			"to": [2, 3, 3],
			"shade": false,
			"faces": {
				"north": {"uv": [0, 0, 16, 16], "texture": "#0"},
				"east": {"uv": [0, 0, 16, 16], "texture": "#0"},
				"west": {"uv": [0, 0, 16, 16], "texture": "#0"}
			}
		},
		{
			"from": [1, 2, 5],
			"to": [2, 3, 6],
			"shade": false,
			"faces": {
				"east": {"uv": [0, 0, 16, 16], "texture": "#0"},
				"south": {"uv": [0, 0, 16, 16], "texture": "#0"},
				"west": {"uv": [0, 0, 16, 16], "texture": "#0"}
			}
		},
		{
			"from": [2, 2, 3],
			"to": [3, 3, 4],
			"shade": false,
			"faces": {
				"north": {"uv": [0, 0, 16, 16], "texture": "#1"},
				"down": {"uv": [0, 0, 16, 16], "texture": "#1"}
			}
		},
		{
			"from": [2, 2, 4],
			"to": [3, 3, 5],
			"shade": false,
			"faces": {
				"south": {"uv": [0, 0, 16, 16], "texture": "#1"},
				"down": {"uv": [0, 0, 16, 16], "texture": "#1"}
			}
		},
		{
			"from": [3, 2, 3],
			"to": [4, 3, 4],
			"shade": false,
			"faces": {
				"north": {"uv": [0, 0, 16, 16], "texture": "#1"},
				"down": {"uv": [0, 0, 16, 16], "texture": "#1"}
			}
		},
		{
			"from": [3, 2, 4],
			"to": [4, 3, 5],
			"shade": false,
			"faces": {
				"south": {"uv": [0, 0, 16, 16], "texture": "#1"},
				"down": {"uv": [0, 0, 16, 16], "texture": "#1"}
			}
		},
		{
			"from": [4, 2, 2],
			"to": [5, 3, 3],
			"shade": false,
			"faces": {
				"north": {"uv": [0, 0, 16, 16], "texture": "#0"},
				"west": {"uv": [0, 0, 16, 16], "texture": "#0"},
				"down": {"uv": [0, 0, 16, 16], "texture": "#0"}
			}
		},
		{
			"from": [4, 2, 5],
			"to": [5, 3, 6],
			"shade": false,
			"faces": {
				"south": {"uv": [0, 0, 16, 16], "texture": "#0"},
				"west": {"uv": [0, 0, 16, 16], "texture": "#0"},
				"down": {"uv": [0, 0, 16, 16], "texture": "#0"}
			}
		},
		{
			"from": [5, 2, 2],
			"to": [6, 3, 3],
			"shade": false,
			"faces": {
				"north": {"uv": [0, 0, 16, 16], "texture": "#0"},
				"east": {"uv": [0, 0, 16, 16], "texture": "#0"},
				"down": {"uv": [0, 0, 16, 16], "texture": "#0"}
			}
		},
		{
			"from": [5, 2, 5],
			"to": [6, 3, 6],
			"shade": false,
			"faces": {
				"east": {"uv": [0, 0, 16, 16], "texture": "#0"},
				"south": {"uv": [0, 0, 16, 16], "texture": "#0"},
				"down": {"uv": [0, 0, 16, 16], "texture": "#0"}
			}
		},
		{
			"from": [6, 2, 3],
			"to": [7, 3, 4],
			"shade": false,
			"faces": {
				"north": {"uv": [0, 0, 16, 16], "texture": "#0"},
				"down": {"uv": [0, 0, 16, 16], "texture": "#0"}
			}
		},
		{
			"from": [6, 2, 4],
			"to": [7, 3, 5],
			"shade": false,
			"faces": {
				"south": {"uv": [0, 0, 16, 16], "texture": "#0"},
				"down": {"uv": [0, 0, 16, 16], "texture": "#0"}
			}
		},
		{
			"from": [7, 2, 3],
			"to": [8, 3, 4],
			"shade": false,
			"faces": {
				"north": {"uv": [0, 0, 16, 16], "texture": "#0"},
				"down": {"uv": [0, 0, 16, 16], "texture": "#0"}
			}
		},
		{
			"from": [7, 2, 4],
			"to": [8, 3, 5],
			"shade": false,
			"faces": {
				"south": {"uv": [0, 0, 16, 16], "texture": "#0"},
				"down": {"uv": [0, 0, 16, 16], "texture": "#0"}
			}
		},
		{
			"from": [8, 2, 3],
			"to": [9, 3, 4],
			"shade": false,
			"faces": {
				"north": {"uv": [0, 0, 16, 16], "texture": "#0"},
				"down": {"uv": [0, 0, 16, 16], "texture": "#0"}
			}
		},
		{
			"from": [8, 2, 4],
			"to": [9, 3, 5],
			"shade": false,
			"faces": {
				"south": {"uv": [0, 0, 16, 16], "texture": "#0"},
				"down": {"uv": [0, 0, 16, 16], "texture": "#0"}
			}
		},
		{
			"from": [9, 2, 2],
			"to": [10, 3, 3],
			"shade": false,
			"faces": {
				"north": {"uv": [0, 0, 16, 16], "texture": "#0"},
				"west": {"uv": [0, 0, 16, 16], "texture": "#0"},
				"down": {"uv": [0, 0, 16, 16], "texture": "#0"}
			}
		},
		{
			"from": [9, 2, 5],
			"to": [10, 3, 6],
			"shade": false,
			"faces": {
				"south": {"uv": [0, 0, 16, 16], "texture": "#0"},
				"west": {"uv": [0, 0, 16, 16], "texture": "#0"},
				"down": {"uv": [0, 0, 16, 16], "texture": "#0"}
			}
		},
		{
			"from": [10, 2, 2],
			"to": [11, 3, 3],
			"shade": false,
			"faces": {
				"north": {"uv": [0, 0, 16, 16], "texture": "#0"},
				"east": {"uv": [0, 0, 16, 16], "texture": "#0"},
				"down": {"uv": [0, 0, 16, 16], "texture": "#0"}
			}
		},
		{
			"from": [10, 2, 3],
			"to": [11, 3, 4],
			"shade": false,
			"faces": {
				"east": {"uv": [0, 0, 16, 16], "texture": "#1"}
			}
		},
		{
			"from": [10, 2, 4],
			"to": [11, 3, 5],
			"shade": false,
			"faces": {
				"east": {"uv": [0, 0, 16, 16], "texture": "#1"}
			}
		},
		{
			"from": [10, 2, 5],
			"to": [11, 3, 6],
			"shade": false,
			"faces": {
				"east": {"uv": [0, 0, 16, 16], "texture": "#0"},
				"south": {"uv": [0, 0, 16, 16], "texture": "#0"},
				"down": {"uv": [0, 0, 16, 16], "texture": "#0"}
			}
		},
		{
			"from": [0, 3, 3],
			"to": [1, 4, 4],
			"shade": false,
			"faces": {
				"north": {"uv": [0, 0, 16, 16], "texture": "#0"},
				"west": {"uv": [0, 0, 16, 16], "texture": "#0"},
				"up": {"uv": [0, 0, 16, 16], "texture": "#0"}
			}
		},
		{
			"from": [0, 3, 4],
			"to": [1, 4, 5],
			"shade": false,
			"faces": {
				"south": {"uv": [0, 0, 16, 16], "texture": "#0"},
				"west": {"uv": [0, 0, 16, 16], "texture": "#0"},
				"up": {"uv": [0, 0, 16, 16], "texture": "#0"}
			}
		},
		{
			"from": [1, 3, 2],
			"to": [2, 4, 3],
			"shade": false,
			"faces": {
				"north": {"uv": [0, 0, 16, 16], "texture": "#0"},
				"east": {"uv": [0, 0, 16, 16], "texture": "#0"},
				"west": {"uv": [0, 0, 16, 16], "texture": "#0"}
			}
		},
		{
			"from": [1, 3, 5],
			"to": [2, 4, 6],
			"shade": false,
			"faces": {
				"east": {"uv": [0, 0, 16, 16], "texture": "#0"},
				"south": {"uv": [0, 0, 16, 16], "texture": "#0"},
				"west": {"uv": [0, 0, 16, 16], "texture": "#0"}
			}
		},
		{
			"from": [2, 3, 3],
			"to": [3, 4, 4],
			"shade": false,
			"faces": {
				"north": {"uv": [0, 0, 16, 16], "texture": "#1"},
				"up": {"uv": [0, 0, 16, 16], "texture": "#1"}
			}
		},
		{
			"from": [2, 3, 4],
			"to": [3, 4, 5],
			"shade": false,
			"faces": {
				"south": {"uv": [0, 0, 16, 16], "texture": "#1"},
				"up": {"uv": [0, 0, 16, 16], "texture": "#1"}
			}
		},
		{
			"from": [3, 3, 3],
			"to": [4, 4, 4],
			"shade": false,
			"faces": {
				"north": {"uv": [0, 0, 16, 16], "texture": "#1"},
				"up": {"uv": [0, 0, 16, 16], "texture": "#1"}
			}
		},
		{
			"from": [3, 3, 4],
			"to": [4, 4, 5],
			"shade": false,
			"faces": {
				"south": {"uv": [0, 0, 16, 16], "texture": "#1"},
				"up": {"uv": [0, 0, 16, 16], "texture": "#1"}
			}
		},
		{
			"from": [4, 3, 2],
			"to": [5, 4, 3],
			"shade": false,
			"faces": {
				"north": {"uv": [0, 0, 16, 16], "texture": "#0"},
				"west": {"uv": [0, 0, 16, 16], "texture": "#0"}
			}
		},
		{
			"from": [4, 3, 5],
			"to": [5, 4, 6],
			"shade": false,
			"faces": {
				"south": {"uv": [0, 0, 16, 16], "texture": "#0"},
				"west": {"uv": [0, 0, 16, 16], "texture": "#0"}
			}
		},
		{
			"from": [5, 3, 2],
			"to": [6, 4, 3],
			"shade": false,
			"faces": {
				"north": {"uv": [0, 0, 16, 16], "texture": "#0"},
				"east": {"uv": [0, 0, 16, 16], "texture": "#0"}
			}
		},
		{
			"from": [5, 3, 5],
			"to": [6, 4, 6],
			"shade": false,
			"faces": {
				"east": {"uv": [0, 0, 16, 16], "texture": "#0"},
				"south": {"uv": [0, 0, 16, 16], "texture": "#0"}
			}
		},
		{
			"from": [6, 3, 3],
			"to": [7, 4, 4],
			"shade": false,
			"faces": {
				"north": {"uv": [0, 0, 16, 16], "texture": "#0"}
			}
		},
		{
			"from": [6, 3, 4],
			"to": [7, 4, 5],
			"shade": false,
			"faces": {
				"south": {"uv": [0, 0, 16, 16], "texture": "#0"}
			}
		},
		{
			"from": [7, 3, 3],
			"to": [8, 4, 4],
			"shade": false,
			"faces": {
				"north": {"uv": [0, 0, 16, 16], "texture": "#0"}
			}
		},
		{
			"from": [7, 3, 4],
			"to": [8, 4, 5],
			"shade": false,
			"faces": {
				"south": {"uv": [0, 0, 16, 16], "texture": "#0"}
			}
		},
		{
			"from": [8, 3, 3],
			"to": [9, 4, 4],
			"shade": false,
			"faces": {
				"north": {"uv": [0, 0, 16, 16], "texture": "#0"}
			}
		},
		{
			"from": [8, 3, 4],
			"to": [9, 4, 5],
			"shade": false,
			"faces": {
				"south": {"uv": [0, 0, 16, 16], "texture": "#0"}
			}
		},
		{
			"from": [9, 3, 2],
			"to": [10, 4, 3],
			"shade": false,
			"faces": {
				"north": {"uv": [0, 0, 16, 16], "texture": "#0"},
				"west": {"uv": [0, 0, 16, 16], "texture": "#0"},
				"up": {"uv": [0, 0, 16, 16], "texture": "#0"}
			}
		},
		{
			"from": [9, 3, 5],
			"to": [10, 4, 6],
			"shade": false,
			"faces": {
				"south": {"uv": [0, 0, 16, 16], "texture": "#0"},
				"west": {"uv": [0, 0, 16, 16], "texture": "#0"},
				"up": {"uv": [0, 0, 16, 16], "texture": "#0"}
			}
		},
		{
			"from": [10, 3, 2],
			"to": [11, 4, 3],
			"shade": false,
			"faces": {
				"north": {"uv": [0, 0, 16, 16], "texture": "#0"},
				"east": {"uv": [0, 0, 16, 16], "texture": "#0"},
				"up": {"uv": [0, 0, 16, 16], "texture": "#0"}
			}
		},
		{
			"from": [10, 3, 3],
			"to": [11, 4, 4],
			"shade": false,
			"faces": {
				"east": {"uv": [0, 0, 16, 16], "texture": "#1"}
			}
		},
		{
			"from": [10, 3, 4],
			"to": [11, 4, 5],
			"shade": false,
			"faces": {
				"east": {"uv": [0, 0, 16, 16], "texture": "#1"}
			}
		},
		{
			"from": [10, 3, 5],
			"to": [11, 4, 6],
			"shade": false,
			"faces": {
				"east": {"uv": [0, 0, 16, 16], "texture": "#0"},
				"south": {"uv": [0, 0, 16, 16], "texture": "#0"},
				"up": {"uv": [0, 0, 16, 16], "texture": "#0"}
			}
		},
		{
			"from": [1, 4, 2],
			"to": [2, 5, 3],
			"shade": false,
			"faces": {
				"north": {"uv": [0, 0, 16, 16], "texture": "#0"},
				"east": {"uv": [0, 0, 16, 16], "texture": "#0"},
				"west": {"uv": [0, 0, 16, 16], "texture": "#0"},
				"up": {"uv": [0, 0, 16, 16], "texture": "#0"}
			}
		},
		{
			"from": [1, 4, 3],
			"to": [2, 5, 4],
			"shade": false,
			"faces": {
				"east": {"uv": [0, 0, 16, 16], "texture": "#0"},
				"west": {"uv": [0, 0, 16, 16], "texture": "#0"},
				"up": {"uv": [0, 0, 16, 16], "texture": "#0"}
			}
		},
		{
			"from": [1, 4, 4],
			"to": [2, 5, 5],
			"shade": false,
			"faces": {
				"east": {"uv": [0, 0, 16, 16], "texture": "#0"},
				"west": {"uv": [0, 0, 16, 16], "texture": "#0"},
				"up": {"uv": [0, 0, 16, 16], "texture": "#0"}
			}
		},
		{
			"from": [1, 4, 5],
			"to": [2, 5, 6],
			"shade": false,
			"faces": {
				"east": {"uv": [0, 0, 16, 16], "texture": "#0"},
				"south": {"uv": [0, 0, 16, 16], "texture": "#0"},
				"west": {"uv": [0, 0, 16, 16], "texture": "#0"},
				"up": {"uv": [0, 0, 16, 16], "texture": "#0"}
			}
		},
		{
			"from": [4, 4, 2],
			"to": [5, 5, 3],
			"shade": false,
			"faces": {
				"north": {"uv": [0, 0, 16, 16], "texture": "#0"},
				"west": {"uv": [0, 0, 16, 16], "texture": "#0"}
			}
		},
		{
			"from": [4, 4, 3],
			"to": [5, 5, 4],
			"shade": false,
			"faces": {
				"west": {"uv": [0, 0, 16, 16], "texture": "#0"}
			}
		},
		{
			"from": [4, 4, 4],
			"to": [5, 5, 5],
			"shade": false,
			"faces": {
				"west": {"uv": [0, 0, 16, 16], "texture": "#0"}
			}
		},
		{
			"from": [4, 4, 5],
			"to": [5, 5, 6],
			"shade": false,
			"faces": {
				"south": {"uv": [0, 0, 16, 16], "texture": "#0"},
				"west": {"uv": [0, 0, 16, 16], "texture": "#0"}
			}
		},
		{
			"from": [5, 4, 2],
			"to": [6, 5, 3],
			"shade": false,
			"faces": {
				"north": {"uv": [0, 0, 16, 16], "texture": "#0"}
			}
		},
		{
			"from": [5, 4, 5],
			"to": [6, 5, 6],
			"shade": false,
			"faces": {
				"south": {"uv": [0, 0, 16, 16], "texture": "#0"}
			}
		},
		{
			"from": [6, 4, 2],
			"to": [7, 5, 3],
			"shade": false,
			"faces": {
				"north": {"uv": [0, 0, 16, 16], "texture": "#0"},
				"down": {"uv": [0, 0, 16, 16], "texture": "#0"}
			}
		},
		{
			"from": [6, 4, 5],
			"to": [7, 5, 6],
			"shade": false,
			"faces": {
				"south": {"uv": [0, 0, 16, 16], "texture": "#0"},
				"down": {"uv": [0, 0, 16, 16], "texture": "#0"}
			}
		},
		{
			"from": [7, 4, 2],
			"to": [8, 5, 3],
			"shade": false,
			"faces": {
				"north": {"uv": [0, 0, 16, 16], "texture": "#0"},
				"down": {"uv": [0, 0, 16, 16], "texture": "#0"}
			}
		},
		{
			"from": [7, 4, 5],
			"to": [8, 5, 6],
			"shade": false,
			"faces": {
				"south": {"uv": [0, 0, 16, 16], "texture": "#0"},
				"down": {"uv": [0, 0, 16, 16], "texture": "#0"}
			}
		},
		{
			"from": [8, 4, 2],
			"to": [9, 5, 3],
			"shade": false,
			"faces": {
				"north": {"uv": [0, 0, 16, 16], "texture": "#0"},
				"east": {"uv": [0, 0, 16, 16], "texture": "#0"},
				"down": {"uv": [0, 0, 16, 16], "texture": "#0"}
			}
		},
		{
			"from": [8, 4, 5],
			"to": [9, 5, 6],
			"shade": false,
			"faces": {
				"east": {"uv": [0, 0, 16, 16], "texture": "#0"},
				"south": {"uv": [0, 0, 16, 16], "texture": "#0"},
				"down": {"uv": [0, 0, 16, 16], "texture": "#0"}
			}
		},
		{
			"from": [9, 4, 3],
			"to": [10, 5, 4],
			"shade": false,
			"faces": {
				"north": {"uv": [0, 0, 16, 16], "texture": "#0"}
			}
		},
		{
			"from": [9, 4, 4],
			"to": [10, 5, 5],
			"shade": false,
			"faces": {
				"south": {"uv": [0, 0, 16, 16], "texture": "#0"}
			}
		},
		{
			"from": [10, 4, 3],
			"to": [11, 5, 4],
			"shade": false,
			"faces": {
				"north": {"uv": [0, 0, 16, 16], "texture": "#0"},
				"east": {"uv": [0, 0, 16, 16], "texture": "#0"},
				"up": {"uv": [0, 0, 16, 16], "texture": "#0"}
			}
		},
		{
			"from": [10, 4, 4],
			"to": [11, 5, 5],
			"shade": false,
			"faces": {
				"east": {"uv": [0, 0, 16, 16], "texture": "#0"},
				"south": {"uv": [0, 0, 16, 16], "texture": "#0"},
				"up": {"uv": [0, 0, 16, 16], "texture": "#0"}
			}
		},
		{
			"from": [4, 5, 0],
			"to": [5, 6, 1],
			"shade": false,
			"faces": {
				"north": {"uv": [0, 0, 16, 16], "texture": "#0"},
				"west": {"uv": [0, 0, 16, 16], "texture": "#0"},
				"down": {"uv": [0, 0, 16, 16], "texture": "#0"}
			}
		},
		{
			"from": [4, 5, 1],
			"to": [5, 6, 2],
			"shade": false,
			"faces": {
				"west": {"uv": [0, 0, 16, 16], "texture": "#0"},
				"down": {"uv": [0, 0, 16, 16], "texture": "#0"}
			}
		},
		{
			"from": [4, 5, 2],
			"to": [5, 6, 3],
			"shade": false,
			"faces": {
				"west": {"uv": [0, 0, 16, 16], "texture": "#0"}
			}
		},
		{
			"from": [4, 5, 3],
			"to": [5, 6, 4],
			"shade": false,
			"faces": {
				"west": {"uv": [0, 0, 16, 16], "texture": "#0"}
			}
		},
		{
			"from": [4, 5, 4],
			"to": [5, 6, 5],
			"shade": false,
			"faces": {
				"west": {"uv": [0, 0, 16, 16], "texture": "#0"}
			}
		},
		{
			"from": [4, 5, 5],
			"to": [5, 6, 6],
			"shade": false,
			"faces": {
				"west": {"uv": [0, 0, 16, 16], "texture": "#0"}
			}
		},
		{
			"from": [4, 5, 6],
			"to": [5, 6, 7],
			"shade": false,
			"faces": {
				"west": {"uv": [0, 0, 16, 16], "texture": "#0"},
				"down": {"uv": [0, 0, 16, 16], "texture": "#0"}
			}
		},
		{
			"from": [4, 5, 7],
			"to": [5, 6, 8],
			"shade": false,
			"faces": {
				"west": {"uv": [0, 0, 16, 16], "texture": "#0"},
				"down": {"uv": [0, 0, 16, 16], "texture": "#0"}
			}
		},
		{
			"from": [4, 5, 8],
			"to": [5, 6, 9],
			"shade": false,
			"faces": {
				"south": {"uv": [0, 0, 16, 16], "texture": "#0"},
				"west": {"uv": [0, 0, 16, 16], "texture": "#0"},
				"down": {"uv": [0, 0, 16, 16], "texture": "#0"}
			}
		},
		{
			"from": [5, 5, 0],
			"to": [6, 6, 1],
			"shade": false,
			"faces": {
				"north": {"uv": [0, 0, 16, 16], "texture": "#0"},
				"down": {"uv": [0, 0, 16, 16], "texture": "#0"}
			}
		},
		{
			"from": [5, 5, 1],
			"to": [6, 6, 2],
			"shade": false,
			"faces": {
				"down": {"uv": [0, 0, 16, 16], "texture": "#0"}
			}
		},
		{
			"from": [5, 5, 6],
			"to": [6, 6, 7],
			"shade": false,
			"faces": {
				"down": {"uv": [0, 0, 16, 16], "texture": "#0"}
			}
		},
		{
			"from": [5, 5, 7],
			"to": [6, 6, 8],
			"shade": false,
			"faces": {
				"down": {"uv": [0, 0, 16, 16], "texture": "#0"}
			}
		},
		{
			"from": [5, 5, 8],
			"to": [6, 6, 9],
			"shade": false,
			"faces": {
				"south": {"uv": [0, 0, 16, 16], "texture": "#0"},
				"down": {"uv": [0, 0, 16, 16], "texture": "#0"}
			}
		},
		{
			"from": [6, 5, 0],
			"to": [7, 6, 1],
			"shade": false,
			"faces": {
				"north": {"uv": [0, 0, 16, 16], "texture": "#0"},
				"down": {"uv": [0, 0, 16, 16], "texture": "#0"}
			}
		},
		{
			"from": [6, 5, 1],
			"to": [7, 6, 2],
			"shade": false,
			"faces": {
				"down": {"uv": [0, 0, 16, 16], "texture": "#0"}
			}
		},
		{
			"from": [6, 5, 6],
			"to": [7, 6, 7],
			"shade": false,
			"faces": {
				"down": {"uv": [0, 0, 16, 16], "texture": "#0"}
			}
		},
		{
			"from": [6, 5, 7],
			"to": [7, 6, 8],
			"shade": false,
			"faces": {
				"down": {"uv": [0, 0, 16, 16], "texture": "#0"}
			}
		},
		{
			"from": [6, 5, 8],
			"to": [7, 6, 9],
			"shade": false,
			"faces": {
				"south": {"uv": [0, 0, 16, 16], "texture": "#0"},
				"down": {"uv": [0, 0, 16, 16], "texture": "#0"}
			}
		},
		{
			"from": [7, 5, 0],
			"to": [8, 6, 1],
			"shade": false,
			"faces": {
				"north": {"uv": [0, 0, 16, 16], "texture": "#0"},
				"down": {"uv": [0, 0, 16, 16], "texture": "#0"}
			}
		},
		{
			"from": [7, 5, 1],
			"to": [8, 6, 2],
			"shade": false,
			"faces": {
				"down": {"uv": [0, 0, 16, 16], "texture": "#0"}
			}
		},
		{
			"from": [7, 5, 6],
			"to": [8, 6, 7],
			"shade": false,
			"faces": {
				"down": {"uv": [0, 0, 16, 16], "texture": "#0"}
			}
		},
		{
			"from": [7, 5, 7],
			"to": [8, 6, 8],
			"shade": false,
			"faces": {
				"down": {"uv": [0, 0, 16, 16], "texture": "#0"}
			}
		},
		{
			"from": [7, 5, 8],
			"to": [8, 6, 9],
			"shade": false,
			"faces": {
				"south": {"uv": [0, 0, 16, 16], "texture": "#0"},
				"down": {"uv": [0, 0, 16, 16], "texture": "#0"}
			}
		},
		{
			"from": [8, 5, 0],
			"to": [9, 6, 1],
			"shade": false,
			"faces": {
				"north": {"uv": [0, 0, 16, 16], "texture": "#0"},
				"down": {"uv": [0, 0, 16, 16], "texture": "#0"}
			}
		},
		{
			"from": [8, 5, 1],
			"to": [9, 6, 2],
			"shade": false,
			"faces": {
				"down": {"uv": [0, 0, 16, 16], "texture": "#0"}
			}
		},
		{
			"from": [8, 5, 6],
			"to": [9, 6, 7],
			"shade": false,
			"faces": {
				"down": {"uv": [0, 0, 16, 16], "texture": "#0"}
			}
		},
		{
			"from": [8, 5, 7],
			"to": [9, 6, 8],
			"shade": false,
			"faces": {
				"down": {"uv": [0, 0, 16, 16], "texture": "#0"}
			}
		},
		{
			"from": [8, 5, 8],
			"to": [9, 6, 9],
			"shade": false,
			"faces": {
				"south": {"uv": [0, 0, 16, 16], "texture": "#0"},
				"down": {"uv": [0, 0, 16, 16], "texture": "#0"}
			}
		},
		{
			"from": [9, 5, 0],
			"to": [10, 6, 1],
			"shade": false,
			"faces": {
				"north": {"uv": [0, 0, 16, 16], "texture": "#0"},
				"east": {"uv": [0, 0, 16, 16], "texture": "#0"},
				"down": {"uv": [0, 0, 16, 16], "texture": "#0"}
			}
		},
		{
			"from": [9, 5, 1],
			"to": [10, 6, 2],
			"shade": false,
			"faces": {
				"east": {"uv": [0, 0, 16, 16], "texture": "#0"},
				"down": {"uv": [0, 0, 16, 16], "texture": "#0"}
			}
		},
		{
			"from": [9, 5, 2],
			"to": [10, 6, 3],
			"shade": false,
			"faces": {
				"east": {"uv": [0, 0, 16, 16], "texture": "#0"},
				"down": {"uv": [0, 0, 16, 16], "texture": "#0"}
			}
		},
		{
			"from": [9, 5, 3],
			"to": [10, 6, 4],
			"shade": false,
			"faces": {
				"east": {"uv": [0, 0, 16, 16], "texture": "#0"}
			}
		},
		{
			"from": [9, 5, 4],
			"to": [10, 6, 5],
			"shade": false,
			"faces": {
				"east": {"uv": [0, 0, 16, 16], "texture": "#0"}
			}
		},
		{
			"from": [9, 5, 5],
			"to": [10, 6, 6],
			"shade": false,
			"faces": {
				"east": {"uv": [0, 0, 16, 16], "texture": "#0"},
				"down": {"uv": [0, 0, 16, 16], "texture": "#0"}
			}
		},
		{
			"from": [9, 5, 6],
			"to": [10, 6, 7],
			"shade": false,
			"faces": {
				"east": {"uv": [0, 0, 16, 16], "texture": "#0"},
				"down": {"uv": [0, 0, 16, 16], "texture": "#0"}
			}
		},
		{
			"from": [9, 5, 7],
			"to": [10, 6, 8],
			"shade": false,
			"faces": {
				"east": {"uv": [0, 0, 16, 16], "texture": "#0"},
				"down": {"uv": [0, 0, 16, 16], "texture": "#0"}
			}
		},
		{
			"from": [9, 5, 8],
			"to": [10, 6, 9],
			"shade": false,
			"faces": {
				"east": {"uv": [0, 0, 16, 16], "texture": "#0"},
				"south": {"uv": [0, 0, 16, 16], "texture": "#0"},
				"down": {"uv": [0, 0, 16, 16], "texture": "#0"}
			}
		},
		{
			"from": [1, 6, 0],
			"to": [2, 7, 1],
			"shade": false,
			"faces": {
				"north": {"uv": [0, 0, 16, 16], "texture": "#0"},
				"east": {"uv": [0, 0, 16, 16], "texture": "#0"},
				"west": {"uv": [0, 0, 16, 16], "texture": "#0"},
				"down": {"uv": [0, 0, 16, 16], "texture": "#0"}
			}
		},
		{
			"from": [1, 6, 1],
			"to": [2, 7, 2],
			"shade": false,
			"faces": {
				"east": {"uv": [0, 0, 16, 16], "texture": "#0"},
				"west": {"uv": [0, 0, 16, 16], "texture": "#0"},
				"down": {"uv": [0, 0, 16, 16], "texture": "#0"}
			}
		},
		{
			"from": [1, 6, 2],
			"to": [2, 7, 3],
			"shade": false,
			"faces": {
				"west": {"uv": [0, 0, 16, 16], "texture": "#0"},
				"down": {"uv": [0, 0, 16, 16], "texture": "#0"}
			}
		},
		{
			"from": [1, 6, 3],
			"to": [2, 7, 4],
			"shade": false,
			"faces": {
				"east": {"uv": [0, 0, 16, 16], "texture": "#0"},
				"west": {"uv": [0, 0, 16, 16], "texture": "#0"},
				"down": {"uv": [0, 0, 16, 16], "texture": "#0"}
			}
		},
		{
			"from": [1, 6, 4],
			"to": [2, 7, 5],
			"shade": false,
			"faces": {
				"east": {"uv": [0, 0, 16, 16], "texture": "#0"},
				"west": {"uv": [0, 0, 16, 16], "texture": "#0"},
				"down": {"uv": [0, 0, 16, 16], "texture": "#0"}
			}
		},
		{
			"from": [1, 6, 5],
			"to": [2, 7, 6],
			"shade": false,
			"faces": {
				"east": {"uv": [0, 0, 16, 16], "texture": "#0"},
				"west": {"uv": [0, 0, 16, 16], "texture": "#0"},
				"down": {"uv": [0, 0, 16, 16], "texture": "#0"}
			}
		},
		{
			"from": [1, 6, 6],
			"to": [2, 7, 7],
			"shade": false,
			"faces": {
				"west": {"uv": [0, 0, 16, 16], "texture": "#0"},
				"down": {"uv": [0, 0, 16, 16], "texture": "#0"}
			}
		},
		{
			"from": [1, 6, 7],
			"to": [2, 7, 8],
			"shade": false,
			"faces": {
				"east": {"uv": [0, 0, 16, 16], "texture": "#0"},
				"west": {"uv": [0, 0, 16, 16], "texture": "#0"},
				"down": {"uv": [0, 0, 16, 16], "texture": "#0"}
			}
		},
		{
			"from": [1, 6, 8],
			"to": [2, 7, 9],
			"shade": false,
			"faces": {
				"east": {"uv": [0, 0, 16, 16], "texture": "#0"},
				"south": {"uv": [0, 0, 16, 16], "texture": "#0"},
				"west": {"uv": [0, 0, 16, 16], "texture": "#0"},
				"down": {"uv": [0, 0, 16, 16], "texture": "#0"}
			}
		},
		{
			"from": [2, 6, 2],
			"to": [3, 7, 3],
			"shade": false,
			"faces": {
				"north": {"uv": [0, 0, 16, 16], "texture": "#1"},
				"south": {"uv": [0, 0, 16, 16], "texture": "#1"},
				"down": {"uv": [0, 0, 16, 16], "texture": "#1"}
			}
		},
		{
			"from": [2, 6, 6],
			"to": [3, 7, 7],
			"shade": false,
			"faces": {
				"north": {"uv": [0, 0, 16, 16], "texture": "#1"},
				"south": {"uv": [0, 0, 16, 16], "texture": "#1"},
				"down": {"uv": [0, 0, 16, 16], "texture": "#1"}
			}
		},
		{
			"from": [3, 6, 2],
			"to": [4, 7, 3],
			"shade": false,
			"faces": {
				"north": {"uv": [0, 0, 16, 16], "texture": "#1"},
				"south": {"uv": [0, 0, 16, 16], "texture": "#1"},
				"down": {"uv": [0, 0, 16, 16], "texture": "#1"}
			}
		},
		{
			"from": [3, 6, 6],
			"to": [4, 7, 7],
			"shade": false,
			"faces": {
				"north": {"uv": [0, 0, 16, 16], "texture": "#1"},
				"south": {"uv": [0, 0, 16, 16], "texture": "#1"},
				"down": {"uv": [0, 0, 16, 16], "texture": "#1"}
			}
		},
		{
			"from": [4, 6, 0],
			"to": [5, 7, 1],
			"shade": false,
			"faces": {
				"north": {"uv": [0, 0, 16, 16], "texture": "#0"},
				"west": {"uv": [0, 0, 16, 16], "texture": "#0"}
			}
		},
		{
			"from": [4, 6, 1],
			"to": [5, 7, 2],
			"shade": false,
			"faces": {
				"west": {"uv": [0, 0, 16, 16], "texture": "#0"}
			}
		},
		{
			"from": [4, 6, 3],
			"to": [5, 7, 4],
			"shade": false,
			"faces": {
				"west": {"uv": [0, 0, 16, 16], "texture": "#0"}
			}
		},
		{
			"from": [4, 6, 4],
			"to": [5, 7, 5],
			"shade": false,
			"faces": {
				"west": {"uv": [0, 0, 16, 16], "texture": "#0"}
			}
		},
		{
			"from": [4, 6, 5],
			"to": [5, 7, 6],
			"shade": false,
			"faces": {
				"west": {"uv": [0, 0, 16, 16], "texture": "#0"}
			}
		},
		{
			"from": [4, 6, 7],
			"to": [5, 7, 8],
			"shade": false,
			"faces": {
				"west": {"uv": [0, 0, 16, 16], "texture": "#0"}
			}
		},
		{
			"from": [4, 6, 8],
			"to": [5, 7, 9],
			"shade": false,
			"faces": {
				"south": {"uv": [0, 0, 16, 16], "texture": "#0"},
				"west": {"uv": [0, 0, 16, 16], "texture": "#0"}
			}
		},
		{
			"from": [5, 6, 0],
			"to": [6, 7, 1],
			"shade": false,
			"faces": {
				"north": {"uv": [0, 0, 16, 16], "texture": "#0"}
			}
		},
		{
			"from": [5, 6, 8],
			"to": [6, 7, 9],
			"shade": false,
			"faces": {
				"south": {"uv": [0, 0, 16, 16], "texture": "#0"}
			}
		},
		{
			"from": [6, 6, 0],
			"to": [7, 7, 1],
			"shade": false,
			"faces": {
				"north": {"uv": [0, 0, 16, 16], "texture": "#0"}
			}
		},
		{
			"from": [6, 6, 8],
			"to": [7, 7, 9],
			"shade": false,
			"faces": {
				"south": {"uv": [0, 0, 16, 16], "texture": "#0"}
			}
		},
		{
			"from": [7, 6, 0],
			"to": [8, 7, 1],
			"shade": false,
			"faces": {
				"north": {"uv": [0, 0, 16, 16], "texture": "#0"}
			}
		},
		{
			"from": [7, 6, 8],
			"to": [8, 7, 9],
			"shade": false,
			"faces": {
				"south": {"uv": [0, 0, 16, 16], "texture": "#0"}
			}
		},
		{
			"from": [8, 6, 0],
			"to": [9, 7, 1],
			"shade": false,
			"faces": {
				"north": {"uv": [0, 0, 16, 16], "texture": "#0"}
			}
		},
		{
			"from": [8, 6, 8],
			"to": [9, 7, 9],
			"shade": false,
			"faces": {
				"south": {"uv": [0, 0, 16, 16], "texture": "#0"}
			}
		},
		{
			"from": [9, 6, 0],
			"to": [10, 7, 1],
			"shade": false,
			"faces": {
				"north": {"uv": [0, 0, 16, 16], "texture": "#0"},
				"east": {"uv": [0, 0, 16, 16], "texture": "#0"}
			}
		},
		{
			"from": [9, 6, 1],
			"to": [10, 7, 2],
			"shade": false,
			"faces": {
				"east": {"uv": [0, 0, 16, 16], "texture": "#1"}
			}
		},
		{
			"from": [9, 6, 2],
			"to": [10, 7, 3],
			"shade": false,
			"faces": {
				"east": {"uv": [0, 0, 16, 16], "texture": "#1"}
			}
		},
		{
			"from": [9, 6, 3],
			"to": [10, 7, 4],
			"shade": false,
			"faces": {
				"east": {"uv": [0, 0, 16, 16], "texture": "#1"}
			}
		},
		{
			"from": [9, 6, 4],
			"to": [10, 7, 5],
			"shade": false,
			"faces": {
				"east": {"uv": [0, 0, 16, 16], "texture": "#0"}
			}
		},
		{
			"from": [9, 6, 5],
			"to": [10, 7, 6],
			"shade": false,
			"faces": {
				"east": {"uv": [0, 0, 16, 16], "texture": "#1"}
			}
		},
		{
			"from": [9, 6, 6],
			"to": [10, 7, 7],
			"shade": false,
			"faces": {
				"east": {"uv": [0, 0, 16, 16], "texture": "#1"}
			}
		},
		{
			"from": [9, 6, 7],
			"to": [10, 7, 8],
			"shade": false,
			"faces": {
				"east": {"uv": [0, 0, 16, 16], "texture": "#1"}
			}
		},
		{
			"from": [9, 6, 8],
			"to": [10, 7, 9],
			"shade": false,
			"faces": {
				"east": {"uv": [0, 0, 16, 16], "texture": "#0"},
				"south": {"uv": [0, 0, 16, 16], "texture": "#0"}
			}
		},
		{
			"from": [0, 7, 1],
			"to": [1, 8, 2],
			"shade": false,
			"faces": {
				"north": {"uv": [0, 0, 16, 16], "texture": "#0"},
				"west": {"uv": [0, 0, 16, 16], "texture": "#0"},
				"down": {"uv": [0, 0, 16, 16], "texture": "#0"}
			}
		},
		{
			"from": [0, 7, 2],
			"to": [1, 8, 3],
			"shade": false,
			"faces": {
				"west": {"uv": [0, 0, 16, 16], "texture": "#0"},
				"down": {"uv": [0, 0, 16, 16], "texture": "#0"}
			}
		},
		{
			"from": [0, 7, 3],
			"to": [1, 8, 4],
			"shade": false,
			"faces": {
				"south": {"uv": [0, 0, 16, 16], "texture": "#0"},
				"west": {"uv": [0, 0, 16, 16], "texture": "#0"},
				"down": {"uv": [0, 0, 16, 16], "texture": "#0"}
			}
		},
		{
			"from": [0, 7, 5],
			"to": [1, 8, 6],
			"shade": false,
			"faces": {
				"north": {"uv": [0, 0, 16, 16], "texture": "#0"},
				"west": {"uv": [0, 0, 16, 16], "texture": "#0"},
				"down": {"uv": [0, 0, 16, 16], "texture": "#0"}
			}
		},
		{
			"from": [0, 7, 6],
			"to": [1, 8, 7],
			"shade": false,
			"faces": {
				"west": {"uv": [0, 0, 16, 16], "texture": "#0"},
				"down": {"uv": [0, 0, 16, 16], "texture": "#0"}
			}
		},
		{
			"from": [0, 7, 7],
			"to": [1, 8, 8],
			"shade": false,
			"faces": {
				"south": {"uv": [0, 0, 16, 16], "texture": "#0"},
				"west": {"uv": [0, 0, 16, 16], "texture": "#0"},
				"down": {"uv": [0, 0, 16, 16], "texture": "#0"}
			}
		},
		{
			"from": [1, 7, 0],
			"to": [2, 8, 1],
			"shade": false,
			"faces": {
				"north": {"uv": [0, 0, 16, 16], "texture": "#0"},
				"east": {"uv": [0, 0, 16, 16], "texture": "#0"},
				"west": {"uv": [0, 0, 16, 16], "texture": "#0"}
			}
		},
		{
			"from": [1, 7, 4],
			"to": [2, 8, 5],
			"shade": false,
			"faces": {
				"east": {"uv": [0, 0, 16, 16], "texture": "#0"},
				"west": {"uv": [0, 0, 16, 16], "texture": "#0"}
			}
		},
		{
			"from": [1, 7, 8],
			"to": [2, 8, 9],
			"shade": false,
			"faces": {
				"east": {"uv": [0, 0, 16, 16], "texture": "#0"},
				"south": {"uv": [0, 0, 16, 16], "texture": "#0"},
				"west": {"uv": [0, 0, 16, 16], "texture": "#0"}
			}
		},
		{
			"from": [2, 7, 1],
			"to": [3, 8, 2],
			"shade": false,
			"faces": {
				"north": {"uv": [0, 0, 16, 16], "texture": "#1"},
				"up": {"uv": [0, 0, 16, 16], "texture": "#1"},
				"down": {"uv": [0, 0, 16, 16], "texture": "#1"}
			}
		},
		{
			"from": [2, 7, 3],
			"to": [3, 8, 4],
			"shade": false,
			"faces": {
				"south": {"uv": [0, 0, 16, 16], "texture": "#1"},
				"up": {"uv": [0, 0, 16, 16], "texture": "#1"},
				"down": {"uv": [0, 0, 16, 16], "texture": "#1"}
			}
		},
		{
			"from": [2, 7, 5],
			"to": [3, 8, 6],
			"shade": false,
			"faces": {
				"north": {"uv": [0, 0, 16, 16], "texture": "#1"},
				"up": {"uv": [0, 0, 16, 16], "texture": "#1"},
				"down": {"uv": [0, 0, 16, 16], "texture": "#1"}
			}
		},
		{
			"from": [2, 7, 7],
			"to": [3, 8, 8],
			"shade": false,
			"faces": {
				"south": {"uv": [0, 0, 16, 16], "texture": "#1"},
				"up": {"uv": [0, 0, 16, 16], "texture": "#1"},
				"down": {"uv": [0, 0, 16, 16], "texture": "#1"}
			}
		},
		{
			"from": [3, 7, 1],
			"to": [4, 8, 2],
			"shade": false,
			"faces": {
				"north": {"uv": [0, 0, 16, 16], "texture": "#1"},
				"up": {"uv": [0, 0, 16, 16], "texture": "#1"},
				"down": {"uv": [0, 0, 16, 16], "texture": "#1"}
			}
		},
		{
			"from": [3, 7, 3],
			"to": [4, 8, 4],
			"shade": false,
			"faces": {
				"south": {"uv": [0, 0, 16, 16], "texture": "#1"},
				"up": {"uv": [0, 0, 16, 16], "texture": "#1"},
				"down": {"uv": [0, 0, 16, 16], "texture": "#1"}
			}
		},
		{
			"from": [3, 7, 5],
			"to": [4, 8, 6],
			"shade": false,
			"faces": {
				"north": {"uv": [0, 0, 16, 16], "texture": "#1"},
				"up": {"uv": [0, 0, 16, 16], "texture": "#1"},
				"down": {"uv": [0, 0, 16, 16], "texture": "#1"}
			}
		},
		{
			"from": [3, 7, 7],
			"to": [4, 8, 8],
			"shade": false,
			"faces": {
				"south": {"uv": [0, 0, 16, 16], "texture": "#1"},
				"up": {"uv": [0, 0, 16, 16], "texture": "#1"},
				"down": {"uv": [0, 0, 16, 16], "texture": "#1"}
			}
		},
		{
			"from": [4, 7, 0],
			"to": [5, 8, 1],
			"shade": false,
			"faces": {
				"north": {"uv": [0, 0, 16, 16], "texture": "#0"},
				"west": {"uv": [0, 0, 16, 16], "texture": "#0"}
			}
		},
		{
			"from": [4, 7, 4],
			"to": [5, 8, 5],
			"shade": false,
			"faces": {
				"west": {"uv": [0, 0, 16, 16], "texture": "#0"}
			}
		},
		{
			"from": [4, 7, 8],
			"to": [5, 8, 9],
			"shade": false,
			"faces": {
				"south": {"uv": [0, 0, 16, 16], "texture": "#0"},
				"west": {"uv": [0, 0, 16, 16], "texture": "#0"}
			}
		},
		{
			"from": [5, 7, 0],
			"to": [6, 8, 1],
			"shade": false,
			"faces": {
				"north": {"uv": [0, 0, 16, 16], "texture": "#0"}
			}
		},
		{
			"from": [5, 7, 8],
			"to": [6, 8, 9],
			"shade": false,
			"faces": {
				"south": {"uv": [0, 0, 16, 16], "texture": "#0"}
			}
		},
		{
			"from": [6, 7, 0],
			"to": [7, 8, 1],
			"shade": false,
			"faces": {
				"north": {"uv": [0, 0, 16, 16], "texture": "#0"}
			}
		},
		{
			"from": [6, 7, 8],
			"to": [7, 8, 9],
			"shade": false,
			"faces": {
				"south": {"uv": [0, 0, 16, 16], "texture": "#0"}
			}
		},
		{
			"from": [7, 7, 0],
			"to": [8, 8, 1],
			"shade": false,
			"faces": {
				"north": {"uv": [0, 0, 16, 16], "texture": "#0"}
			}
		},
		{
			"from": [7, 7, 8],
			"to": [8, 8, 9],
			"shade": false,
			"faces": {
				"south": {"uv": [0, 0, 16, 16], "texture": "#0"}
			}
		},
		{
			"from": [8, 7, 0],
			"to": [9, 8, 1],
			"shade": false,
			"faces": {
				"north": {"uv": [0, 0, 16, 16], "texture": "#0"}
			}
		},
		{
			"from": [8, 7, 8],
			"to": [9, 8, 9],
			"shade": false,
			"faces": {
				"south": {"uv": [0, 0, 16, 16], "texture": "#0"}
			}
		},
		{
			"from": [9, 7, 0],
			"to": [10, 8, 1],
			"shade": false,
			"faces": {
				"north": {"uv": [0, 0, 16, 16], "texture": "#0"},
				"east": {"uv": [0, 0, 16, 16], "texture": "#0"}
			}
		},
		{
			"from": [9, 7, 1],
			"to": [10, 8, 2],
			"shade": false,
			"faces": {
				"east": {"uv": [0, 0, 16, 16], "texture": "#1"}
			}
		},
		{
			"from": [9, 7, 2],
			"to": [10, 8, 3],
			"shade": false,
			"faces": {
				"east": {"uv": [0, 0, 16, 16], "texture": "#1"}
			}
		},
		{
			"from": [9, 7, 3],
			"to": [10, 8, 4],
			"shade": false,
			"faces": {
				"east": {"uv": [0, 0, 16, 16], "texture": "#1"}
			}
		},
		{
			"from": [9, 7, 4],
			"to": [10, 8, 5],
			"shade": false,
			"faces": {
				"east": {"uv": [0, 0, 16, 16], "texture": "#0"}
			}
		},
		{
			"from": [9, 7, 5],
			"to": [10, 8, 6],
			"shade": false,
			"faces": {
				"east": {"uv": [0, 0, 16, 16], "texture": "#1"}
			}
		},
		{
			"from": [9, 7, 6],
			"to": [10, 8, 7],
			"shade": false,
			"faces": {
				"east": {"uv": [0, 0, 16, 16], "texture": "#1"}
			}
		},
		{
			"from": [9, 7, 7],
			"to": [10, 8, 8],
			"shade": false,
			"faces": {
				"east": {"uv": [0, 0, 16, 16], "texture": "#1"}
			}
		},
		{
			"from": [9, 7, 8],
			"to": [10, 8, 9],
			"shade": false,
			"faces": {
				"east": {"uv": [0, 0, 16, 16], "texture": "#0"},
				"south": {"uv": [0, 0, 16, 16], "texture": "#0"}
			}
		},
		{
			"from": [0, 8, 1],
			"to": [1, 9, 2],
			"shade": false,
			"faces": {
				"north": {"uv": [0, 0, 16, 16], "texture": "#0"},
				"west": {"uv": [0, 0, 16, 16], "texture": "#0"},
				"up": {"uv": [0, 0, 16, 16], "texture": "#0"}
			}
		},
		{
			"from": [0, 8, 2],
			"to": [1, 9, 3],
			"shade": false,
			"faces": {
				"west": {"uv": [0, 0, 16, 16], "texture": "#0"},
				"up": {"uv": [0, 0, 16, 16], "texture": "#0"}
			}
		},
		{
			"from": [0, 8, 3],
			"to": [1, 9, 4],
			"shade": false,
			"faces": {
				"south": {"uv": [0, 0, 16, 16], "texture": "#0"},
				"west": {"uv": [0, 0, 16, 16], "texture": "#0"},
				"up": {"uv": [0, 0, 16, 16], "texture": "#0"}
			}
		},
		{
			"from": [0, 8, 5],
			"to": [1, 9, 6],
			"shade": false,
			"faces": {
				"north": {"uv": [0, 0, 16, 16], "texture": "#0"},
				"west": {"uv": [0, 0, 16, 16], "texture": "#0"},
				"up": {"uv": [0, 0, 16, 16], "texture": "#0"}
			}
		},
		{
			"from": [0, 8, 6],
			"to": [1, 9, 7],
			"shade": false,
			"faces": {
				"west": {"uv": [0, 0, 16, 16], "texture": "#0"},
				"up": {"uv": [0, 0, 16, 16], "texture": "#0"}
			}
		},
		{
			"from": [0, 8, 7],
			"to": [1, 9, 8],
			"shade": false,
			"faces": {
				"south": {"uv": [0, 0, 16, 16], "texture": "#0"},
				"west": {"uv": [0, 0, 16, 16], "texture": "#0"},
				"up": {"uv": [0, 0, 16, 16], "texture": "#0"}
			}
		},
		{
			"from": [1, 8, 0],
			"to": [2, 9, 1],
			"shade": false,
			"faces": {
				"north": {"uv": [0, 0, 16, 16], "texture": "#0"},
				"east": {"uv": [0, 0, 16, 16], "texture": "#0"},
				"west": {"uv": [0, 0, 16, 16], "texture": "#0"}
			}
		},
		{
			"from": [1, 8, 1],
			"to": [2, 9, 2],
			"shade": false,
			"faces": {
				"east": {"uv": [0, 0, 16, 16], "texture": "#0"}
			}
		},
		{
			"from": [1, 8, 3],
			"to": [2, 9, 4],
			"shade": false,
			"faces": {
				"east": {"uv": [0, 0, 16, 16], "texture": "#0"}
			}
		},
		{
			"from": [1, 8, 4],
			"to": [2, 9, 5],
			"shade": false,
			"faces": {
				"east": {"uv": [0, 0, 16, 16], "texture": "#0"},
				"west": {"uv": [0, 0, 16, 16], "texture": "#0"}
			}
		},
		{
			"from": [1, 8, 5],
			"to": [2, 9, 6],
			"shade": false,
			"faces": {
				"east": {"uv": [0, 0, 16, 16], "texture": "#0"}
			}
		},
		{
			"from": [1, 8, 7],
			"to": [2, 9, 8],
			"shade": false,
			"faces": {
				"east": {"uv": [0, 0, 16, 16], "texture": "#0"}
			}
		},
		{
			"from": [1, 8, 8],
			"to": [2, 9, 9],
			"shade": false,
			"faces": {
				"east": {"uv": [0, 0, 16, 16], "texture": "#0"},
				"south": {"uv": [0, 0, 16, 16], "texture": "#0"},
				"west": {"uv": [0, 0, 16, 16], "texture": "#0"}
			}
		},
		{
			"from": [2, 8, 2],
			"to": [3, 9, 3],
			"shade": false,
			"faces": {
				"north": {"uv": [0, 0, 16, 16], "texture": "#1"},
				"south": {"uv": [0, 0, 16, 16], "texture": "#1"},
				"up": {"uv": [0, 0, 16, 16], "texture": "#1"}
			}
		},
		{
			"from": [2, 8, 6],
			"to": [3, 9, 7],
			"shade": false,
			"faces": {
				"north": {"uv": [0, 0, 16, 16], "texture": "#1"},
				"south": {"uv": [0, 0, 16, 16], "texture": "#1"},
				"up": {"uv": [0, 0, 16, 16], "texture": "#1"}
			}
		},
		{
			"from": [3, 8, 2],
			"to": [4, 9, 3],
			"shade": false,
			"faces": {
				"north": {"uv": [0, 0, 16, 16], "texture": "#1"},
				"south": {"uv": [0, 0, 16, 16], "texture": "#1"},
				"up": {"uv": [0, 0, 16, 16], "texture": "#1"}
			}
		},
		{
			"from": [3, 8, 6],
			"to": [4, 9, 7],
			"shade": false,
			"faces": {
				"north": {"uv": [0, 0, 16, 16], "texture": "#1"},
				"south": {"uv": [0, 0, 16, 16], "texture": "#1"},
				"up": {"uv": [0, 0, 16, 16], "texture": "#1"}
			}
		},
		{
			"from": [4, 8, 0],
			"to": [5, 9, 1],
			"shade": false,
			"faces": {
				"north": {"uv": [0, 0, 16, 16], "texture": "#0"},
				"west": {"uv": [0, 0, 16, 16], "texture": "#0"}
			}
		},
		{
			"from": [4, 8, 1],
			"to": [5, 9, 2],
			"shade": false,
			"faces": {
				"west": {"uv": [0, 0, 16, 16], "texture": "#0"}
			}
		},
		{
			"from": [4, 8, 3],
			"to": [5, 9, 4],
			"shade": false,
			"faces": {
				"west": {"uv": [0, 0, 16, 16], "texture": "#0"}
			}
		},
		{
			"from": [4, 8, 4],
			"to": [5, 9, 5],
			"shade": false,
			"faces": {
				"west": {"uv": [0, 0, 16, 16], "texture": "#0"}
			}
		},
		{
			"from": [4, 8, 5],
			"to": [5, 9, 6],
			"shade": false,
			"faces": {
				"west": {"uv": [0, 0, 16, 16], "texture": "#0"}
			}
		},
		{
			"from": [4, 8, 7],
			"to": [5, 9, 8],
			"shade": false,
			"faces": {
				"west": {"uv": [0, 0, 16, 16], "texture": "#0"}
			}
		},
		{
			"from": [4, 8, 8],
			"to": [5, 9, 9],
			"shade": false,
			"faces": {
				"south": {"uv": [0, 0, 16, 16], "texture": "#0"},
				"west": {"uv": [0, 0, 16, 16], "texture": "#0"}
			}
		},
		{
			"from": [5, 8, 0],
			"to": [6, 9, 1],
			"shade": false,
			"faces": {
				"north": {"uv": [0, 0, 16, 16], "texture": "#0"}
			}
		},
		{
			"from": [5, 8, 8],
			"to": [6, 9, 9],
			"shade": false,
			"faces": {
				"south": {"uv": [0, 0, 16, 16], "texture": "#0"}
			}
		},
		{
			"from": [6, 8, 0],
			"to": [7, 9, 1],
			"shade": false,
			"faces": {
				"north": {"uv": [0, 0, 16, 16], "texture": "#0"}
			}
		},
		{
			"from": [6, 8, 8],
			"to": [7, 9, 9],
			"shade": false,
			"faces": {
				"south": {"uv": [0, 0, 16, 16], "texture": "#0"}
			}
		},
		{
			"from": [7, 8, 0],
			"to": [8, 9, 1],
			"shade": false,
			"faces": {
				"north": {"uv": [0, 0, 16, 16], "texture": "#0"}
			}
		},
		{
			"from": [7, 8, 8],
			"to": [8, 9, 9],
			"shade": false,
			"faces": {
				"south": {"uv": [0, 0, 16, 16], "texture": "#0"}
			}
		},
		{
			"from": [8, 8, 0],
			"to": [9, 9, 1],
			"shade": false,
			"faces": {
				"north": {"uv": [0, 0, 16, 16], "texture": "#0"}
			}
		},
		{
			"from": [8, 8, 8],
			"to": [9, 9, 9],
			"shade": false,
			"faces": {
				"south": {"uv": [0, 0, 16, 16], "texture": "#0"}
			}
		},
		{
			"from": [9, 8, 0],
			"to": [10, 9, 1],
			"shade": false,
			"faces": {
				"north": {"uv": [0, 0, 16, 16], "texture": "#0"},
				"east": {"uv": [0, 0, 16, 16], "texture": "#0"}
			}
		},
		{
			"from": [9, 8, 1],
			"to": [10, 9, 2],
			"shade": false,
			"faces": {
				"east": {"uv": [0, 0, 16, 16], "texture": "#1"}
			}
		},
		{
			"from": [9, 8, 2],
			"to": [10, 9, 3],
			"shade": false,
			"faces": {
				"east": {"uv": [0, 0, 16, 16], "texture": "#1"}
			}
		},
		{
			"from": [9, 8, 3],
			"to": [10, 9, 4],
			"shade": false,
			"faces": {
				"east": {"uv": [0, 0, 16, 16], "texture": "#1"}
			}
		},
		{
			"from": [9, 8, 4],
			"to": [10, 9, 5],
			"shade": false,
			"faces": {
				"east": {"uv": [0, 0, 16, 16], "texture": "#0"}
			}
		},
		{
			"from": [9, 8, 5],
			"to": [10, 9, 6],
			"shade": false,
			"faces": {
				"east": {"uv": [0, 0, 16, 16], "texture": "#1"}
			}
		},
		{
			"from": [9, 8, 6],
			"to": [10, 9, 7],
			"shade": false,
			"faces": {
				"east": {"uv": [0, 0, 16, 16], "texture": "#1"}
			}
		},
		{
			"from": [9, 8, 7],
			"to": [10, 9, 8],
			"shade": false,
			"faces": {
				"east": {"uv": [0, 0, 16, 16], "texture": "#1"}
			}
		},
		{
			"from": [9, 8, 8],
			"to": [10, 9, 9],
			"shade": false,
			"faces": {
				"east": {"uv": [0, 0, 16, 16], "texture": "#0"},
				"south": {"uv": [0, 0, 16, 16], "texture": "#0"}
			}
		},
		{
			"from": [1, 9, 0],
			"to": [2, 10, 1],
			"shade": false,
			"faces": {
				"north": {"uv": [0, 0, 16, 16], "texture": "#0"},
				"east": {"uv": [0, 0, 16, 16], "texture": "#0"},
				"west": {"uv": [0, 0, 16, 16], "texture": "#0"}
			}
		},
		{
			"from": [1, 9, 1],
			"to": [2, 10, 2],
			"shade": false,
			"faces": {
				"east": {"uv": [0, 0, 16, 16], "texture": "#0"},
				"west": {"uv": [0, 0, 16, 16], "texture": "#0"}
			}
		},
		{
			"from": [1, 9, 2],
			"to": [2, 10, 3],
			"shade": false,
			"faces": {
				"east": {"uv": [0, 0, 16, 16], "texture": "#0"},
				"west": {"uv": [0, 0, 16, 16], "texture": "#0"}
			}
		},
		{
			"from": [1, 9, 3],
			"to": [2, 10, 4],
			"shade": false,
			"faces": {
				"east": {"uv": [0, 0, 16, 16], "texture": "#0"},
				"west": {"uv": [0, 0, 16, 16], "texture": "#0"}
			}
		},
		{
			"from": [1, 9, 4],
			"to": [2, 10, 5],
			"shade": false,
			"faces": {
				"east": {"uv": [0, 0, 16, 16], "texture": "#0"},
				"west": {"uv": [0, 0, 16, 16], "texture": "#0"}
			}
		},
		{
			"from": [1, 9, 5],
			"to": [2, 10, 6],
			"shade": false,
			"faces": {
				"east": {"uv": [0, 0, 16, 16], "texture": "#0"},
				"west": {"uv": [0, 0, 16, 16], "texture": "#0"}
			}
		},
		{
			"from": [1, 9, 6],
			"to": [2, 10, 7],
			"shade": false,
			"faces": {
				"east": {"uv": [0, 0, 16, 16], "texture": "#0"},
				"west": {"uv": [0, 0, 16, 16], "texture": "#0"}
			}
		},
		{
			"from": [1, 9, 7],
			"to": [2, 10, 8],
			"shade": false,
			"faces": {
				"east": {"uv": [0, 0, 16, 16], "texture": "#0"},
				"west": {"uv": [0, 0, 16, 16], "texture": "#0"}
			}
		},
		{
			"from": [1, 9, 8],
			"to": [2, 10, 9],
			"shade": false,
			"faces": {
				"east": {"uv": [0, 0, 16, 16], "texture": "#0"},
				"south": {"uv": [0, 0, 16, 16], "texture": "#0"},
				"west": {"uv": [0, 0, 16, 16], "texture": "#0"}
			}
		},
		{
			"from": [4, 9, 0],
			"to": [5, 10, 1],
			"shade": false,
			"faces": {
				"north": {"uv": [0, 0, 16, 16], "texture": "#0"},
				"west": {"uv": [0, 0, 16, 16], "texture": "#0"}
			}
		},
		{
			"from": [4, 9, 1],
			"to": [5, 10, 2],
			"shade": false,
			"faces": {
				"west": {"uv": [0, 0, 16, 16], "texture": "#0"}
			}
		},
		{
			"from": [4, 9, 2],
			"to": [5, 10, 3],
			"shade": false,
			"faces": {
				"west": {"uv": [0, 0, 16, 16], "texture": "#0"}
			}
		},
		{
			"from": [4, 9, 3],
			"to": [5, 10, 4],
			"shade": false,
			"faces": {
				"west": {"uv": [0, 0, 16, 16], "texture": "#0"}
			}
		},
		{
			"from": [4, 9, 4],
			"to": [5, 10, 5],
			"shade": false,
			"faces": {
				"west": {"uv": [0, 0, 16, 16], "texture": "#0"}
			}
		},
		{
			"from": [4, 9, 5],
			"to": [5, 10, 6],
			"shade": false,
			"faces": {
				"west": {"uv": [0, 0, 16, 16], "texture": "#0"}
			}
		},
		{
			"from": [4, 9, 6],
			"to": [5, 10, 7],
			"shade": false,
			"faces": {
				"west": {"uv": [0, 0, 16, 16], "texture": "#0"}
			}
		},
		{
			"from": [4, 9, 7],
			"to": [5, 10, 8],
			"shade": false,
			"faces": {
				"west": {"uv": [0, 0, 16, 16], "texture": "#0"}
			}
		},
		{
			"from": [4, 9, 8],
			"to": [5, 10, 9],
			"shade": false,
			"faces": {
				"south": {"uv": [0, 0, 16, 16], "texture": "#0"},
				"west": {"uv": [0, 0, 16, 16], "texture": "#0"}
			}
		},
		{
			"from": [5, 9, 0],
			"to": [6, 10, 1],
			"shade": false,
			"faces": {
				"north": {"uv": [0, 0, 16, 16], "texture": "#0"}
			}
		},
		{
			"from": [5, 9, 8],
			"to": [6, 10, 9],
			"shade": false,
			"faces": {
				"south": {"uv": [0, 0, 16, 16], "texture": "#0"}
			}
		},
		{
			"from": [6, 9, 0],
			"to": [7, 10, 1],
			"shade": false,
			"faces": {
				"north": {"uv": [0, 0, 16, 16], "texture": "#0"}
			}
		},
		{
			"from": [6, 9, 8],
			"to": [7, 10, 9],
			"shade": false,
			"faces": {
				"south": {"uv": [0, 0, 16, 16], "texture": "#0"}
			}
		},
		{
			"from": [7, 9, 0],
			"to": [8, 10, 1],
			"shade": false,
			"faces": {
				"north": {"uv": [0, 0, 16, 16], "texture": "#0"}
			}
		},
		{
			"from": [7, 9, 8],
			"to": [8, 10, 9],
			"shade": false,
			"faces": {
				"south": {"uv": [0, 0, 16, 16], "texture": "#0"}
			}
		},
		{
			"from": [8, 9, 0],
			"to": [9, 10, 1],
			"shade": false,
			"faces": {
				"north": {"uv": [0, 0, 16, 16], "texture": "#0"}
			}
		},
		{
			"from": [8, 9, 8],
			"to": [9, 10, 9],
			"shade": false,
			"faces": {
				"south": {"uv": [0, 0, 16, 16], "texture": "#0"}
			}
		},
		{
			"from": [9, 9, 0],
			"to": [10, 10, 1],
			"shade": false,
			"faces": {
				"north": {"uv": [0, 0, 16, 16], "texture": "#0"},
				"east": {"uv": [0, 0, 16, 16], "texture": "#0"}
			}
		},
		{
			"from": [9, 9, 1],
			"to": [10, 10, 2],
			"shade": false,
			"faces": {
				"east": {"uv": [0, 0, 16, 16], "texture": "#0"}
			}
		},
		{
			"from": [9, 9, 2],
			"to": [10, 10, 3],
			"shade": false,
			"faces": {
				"east": {"uv": [0, 0, 16, 16], "texture": "#0"}
			}
		},
		{
			"from": [9, 9, 3],
			"to": [10, 10, 4],
			"shade": false,
			"faces": {
				"east": {"uv": [0, 0, 16, 16], "texture": "#0"}
			}
		},
		{
			"from": [9, 9, 4],
			"to": [10, 10, 5],
			"shade": false,
			"faces": {
				"east": {"uv": [0, 0, 16, 16], "texture": "#0"}
			}
		},
		{
			"from": [9, 9, 5],
			"to": [10, 10, 6],
			"shade": false,
			"faces": {
				"east": {"uv": [0, 0, 16, 16], "texture": "#0"}
			}
		},
		{
			"from": [9, 9, 6],
			"to": [10, 10, 7],
			"shade": false,
			"faces": {
				"east": {"uv": [0, 0, 16, 16], "texture": "#0"}
			}
		},
		{
			"from": [9, 9, 7],
			"to": [10, 10, 8],
			"shade": false,
			"faces": {
				"east": {"uv": [0, 0, 16, 16], "texture": "#0"}
			}
		},
		{
			"from": [9, 9, 8],
			"to": [10, 10, 9],
			"shade": false,
			"faces": {
				"east": {"uv": [0, 0, 16, 16], "texture": "#0"},
				"south": {"uv": [0, 0, 16, 16], "texture": "#0"}
			}
		},
		{
			"from": [0, 10, 1],
			"to": [1, 11, 2],
			"shade": false,
			"faces": {
				"north": {"uv": [0, 0, 16, 16], "texture": "#0"},
				"west": {"uv": [0, 0, 16, 16], "texture": "#0"},
				"down": {"uv": [0, 0, 16, 16], "texture": "#0"}
			}
		},
		{
			"from": [0, 10, 2],
			"to": [1, 11, 3],
			"shade": false,
			"faces": {
				"west": {"uv": [0, 0, 16, 16], "texture": "#0"},
				"down": {"uv": [0, 0, 16, 16], "texture": "#0"}
			}
		},
		{
			"from": [0, 10, 3],
			"to": [1, 11, 4],
			"shade": false,
			"faces": {
				"south": {"uv": [0, 0, 16, 16], "texture": "#0"},
				"west": {"uv": [0, 0, 16, 16], "texture": "#0"},
				"down": {"uv": [0, 0, 16, 16], "texture": "#0"}
			}
		},
		{
			"from": [0, 10, 5],
			"to": [1, 11, 6],
			"shade": false,
			"faces": {
				"north": {"uv": [0, 0, 16, 16], "texture": "#0"},
				"west": {"uv": [0, 0, 16, 16], "texture": "#0"},
				"down": {"uv": [0, 0, 16, 16], "texture": "#0"}
			}
		},
		{
			"from": [0, 10, 6],
			"to": [1, 11, 7],
			"shade": false,
			"faces": {
				"west": {"uv": [0, 0, 16, 16], "texture": "#0"},
				"down": {"uv": [0, 0, 16, 16], "texture": "#0"}
			}
		},
		{
			"from": [0, 10, 7],
			"to": [1, 11, 8],
			"shade": false,
			"faces": {
				"south": {"uv": [0, 0, 16, 16], "texture": "#0"},
				"west": {"uv": [0, 0, 16, 16], "texture": "#0"},
				"down": {"uv": [0, 0, 16, 16], "texture": "#0"}
			}
		},
		{
			"from": [1, 10, 0],
			"to": [2, 11, 1],
			"shade": false,
			"faces": {
				"north": {"uv": [0, 0, 16, 16], "texture": "#0"},
				"east": {"uv": [0, 0, 16, 16], "texture": "#0"},
				"west": {"uv": [0, 0, 16, 16], "texture": "#0"}
			}
		},
		{
			"from": [1, 10, 1],
			"to": [2, 11, 2],
			"shade": false,
			"faces": {
				"east": {"uv": [0, 0, 16, 16], "texture": "#0"}
			}
		},
		{
			"from": [1, 10, 3],
			"to": [2, 11, 4],
			"shade": false,
			"faces": {
				"east": {"uv": [0, 0, 16, 16], "texture": "#0"}
			}
		},
		{
			"from": [1, 10, 4],
			"to": [2, 11, 5],
			"shade": false,
			"faces": {
				"east": {"uv": [0, 0, 16, 16], "texture": "#0"},
				"west": {"uv": [0, 0, 16, 16], "texture": "#0"}
			}
		},
		{
			"from": [1, 10, 5],
			"to": [2, 11, 6],
			"shade": false,
			"faces": {
				"east": {"uv": [0, 0, 16, 16], "texture": "#0"}
			}
		},
		{
			"from": [1, 10, 7],
			"to": [2, 11, 8],
			"shade": false,
			"faces": {
				"east": {"uv": [0, 0, 16, 16], "texture": "#0"}
			}
		},
		{
			"from": [1, 10, 8],
			"to": [2, 11, 9],
			"shade": false,
			"faces": {
				"east": {"uv": [0, 0, 16, 16], "texture": "#0"},
				"south": {"uv": [0, 0, 16, 16], "texture": "#0"},
				"west": {"uv": [0, 0, 16, 16], "texture": "#0"}
			}
		},
		{
			"from": [2, 10, 2],
			"to": [3, 11, 3],
			"shade": false,
			"faces": {
				"north": {"uv": [0, 0, 16, 16], "texture": "#1"},
				"south": {"uv": [0, 0, 16, 16], "texture": "#1"},
				"down": {"uv": [0, 0, 16, 16], "texture": "#1"}
			}
		},
		{
			"from": [2, 10, 6],
			"to": [3, 11, 7],
			"shade": false,
			"faces": {
				"north": {"uv": [0, 0, 16, 16], "texture": "#1"},
				"south": {"uv": [0, 0, 16, 16], "texture": "#1"},
				"down": {"uv": [0, 0, 16, 16], "texture": "#1"}
			}
		},
		{
			"from": [3, 10, 2],
			"to": [4, 11, 3],
			"shade": false,
			"faces": {
				"north": {"uv": [0, 0, 16, 16], "texture": "#1"},
				"south": {"uv": [0, 0, 16, 16], "texture": "#1"},
				"down": {"uv": [0, 0, 16, 16], "texture": "#1"}
			}
		},
		{
			"from": [3, 10, 6],
			"to": [4, 11, 7],
			"shade": false,
			"faces": {
				"north": {"uv": [0, 0, 16, 16], "texture": "#1"},
				"south": {"uv": [0, 0, 16, 16], "texture": "#1"},
				"down": {"uv": [0, 0, 16, 16], "texture": "#1"}
			}
		},
		{
			"from": [4, 10, 0],
			"to": [5, 11, 1],
			"shade": false,
			"faces": {
				"north": {"uv": [0, 0, 16, 16], "texture": "#0"},
				"west": {"uv": [0, 0, 16, 16], "texture": "#0"}
			}
		},
		{
			"from": [4, 10, 1],
			"to": [5, 11, 2],
			"shade": false,
			"faces": {
				"west": {"uv": [0, 0, 16, 16], "texture": "#0"}
			}
		},
		{
			"from": [4, 10, 3],
			"to": [5, 11, 4],
			"shade": false,
			"faces": {
				"west": {"uv": [0, 0, 16, 16], "texture": "#0"}
			}
		},
		{
			"from": [4, 10, 4],
			"to": [5, 11, 5],
			"shade": false,
			"faces": {
				"west": {"uv": [0, 0, 16, 16], "texture": "#0"}
			}
		},
		{
			"from": [4, 10, 5],
			"to": [5, 11, 6],
			"shade": false,
			"faces": {
				"west": {"uv": [0, 0, 16, 16], "texture": "#0"}
			}
		},
		{
			"from": [4, 10, 7],
			"to": [5, 11, 8],
			"shade": false,
			"faces": {
				"west": {"uv": [0, 0, 16, 16], "texture": "#0"}
			}
		},
		{
			"from": [4, 10, 8],
			"to": [5, 11, 9],
			"shade": false,
			"faces": {
				"south": {"uv": [0, 0, 16, 16], "texture": "#0"},
				"west": {"uv": [0, 0, 16, 16], "texture": "#0"}
			}
		},
		{
			"from": [5, 10, 0],
			"to": [6, 11, 1],
			"shade": false,
			"faces": {
				"north": {"uv": [0, 0, 16, 16], "texture": "#0"}
			}
		},
		{
			"from": [5, 10, 8],
			"to": [6, 11, 9],
			"shade": false,
			"faces": {
				"south": {"uv": [0, 0, 16, 16], "texture": "#0"}
			}
		},
		{
			"from": [6, 10, 0],
			"to": [7, 11, 1],
			"shade": false,
			"faces": {
				"north": {"uv": [0, 0, 16, 16], "texture": "#0"}
			}
		},
		{
			"from": [6, 10, 8],
			"to": [7, 11, 9],
			"shade": false,
			"faces": {
				"south": {"uv": [0, 0, 16, 16], "texture": "#0"}
			}
		},
		{
			"from": [7, 10, 0],
			"to": [8, 11, 1],
			"shade": false,
			"faces": {
				"north": {"uv": [0, 0, 16, 16], "texture": "#0"}
			}
		},
		{
			"from": [7, 10, 8],
			"to": [8, 11, 9],
			"shade": false,
			"faces": {
				"south": {"uv": [0, 0, 16, 16], "texture": "#0"}
			}
		},
		{
			"from": [8, 10, 0],
			"to": [9, 11, 1],
			"shade": false,
			"faces": {
				"north": {"uv": [0, 0, 16, 16], "texture": "#0"}
			}
		},
		{
			"from": [8, 10, 8],
			"to": [9, 11, 9],
			"shade": false,
			"faces": {
				"south": {"uv": [0, 0, 16, 16], "texture": "#0"}
			}
		},
		{
			"from": [9, 10, 0],
			"to": [10, 11, 1],
			"shade": false,
			"faces": {
				"north": {"uv": [0, 0, 16, 16], "texture": "#0"},
				"east": {"uv": [0, 0, 16, 16], "texture": "#0"}
			}
		},
		{
			"from": [9, 10, 1],
			"to": [10, 11, 2],
			"shade": false,
			"faces": {
				"east": {"uv": [0, 0, 16, 16], "texture": "#1"}
			}
		},
		{
			"from": [9, 10, 2],
			"to": [10, 11, 3],
			"shade": false,
			"faces": {
				"east": {"uv": [0, 0, 16, 16], "texture": "#1"}
			}
		},
		{
			"from": [9, 10, 3],
			"to": [10, 11, 4],
			"shade": false,
			"faces": {
				"east": {"uv": [0, 0, 16, 16], "texture": "#1"}
			}
		},
		{
			"from": [9, 10, 4],
			"to": [10, 11, 5],
			"shade": false,
			"faces": {
				"east": {"uv": [0, 0, 16, 16], "texture": "#0"}
			}
		},
		{
			"from": [9, 10, 5],
			"to": [10, 11, 6],
			"shade": false,
			"faces": {
				"east": {"uv": [0, 0, 16, 16], "texture": "#1"}
			}
		},
		{
			"from": [9, 10, 6],
			"to": [10, 11, 7],
			"shade": false,
			"faces": {
				"east": {"uv": [0, 0, 16, 16], "texture": "#1"}
			}
		},
		{
			"from": [9, 10, 7],
			"to": [10, 11, 8],
			"shade": false,
			"faces": {
				"east": {"uv": [0, 0, 16, 16], "texture": "#1"}
			}
		},
		{
			"from": [9, 10, 8],
			"to": [10, 11, 9],
			"shade": false,
			"faces": {
				"east": {"uv": [0, 0, 16, 16], "texture": "#0"},
				"south": {"uv": [0, 0, 16, 16], "texture": "#0"}
			}
		},
		{
			"from": [0, 11, 1],
			"to": [1, 12, 2],
			"shade": false,
			"faces": {
				"north": {"uv": [0, 0, 16, 16], "texture": "#0"},
				"west": {"uv": [0, 0, 16, 16], "texture": "#0"}
			}
		},
		{
			"from": [0, 11, 2],
			"to": [1, 12, 3],
			"shade": false,
			"faces": {
				"west": {"uv": [0, 0, 16, 16], "texture": "#0"}
			}
		},
		{
			"from": [0, 11, 3],
			"to": [1, 12, 4],
			"shade": false,
			"faces": {
				"south": {"uv": [0, 0, 16, 16], "texture": "#0"},
				"west": {"uv": [0, 0, 16, 16], "texture": "#0"}
			}
		},
		{
			"from": [0, 11, 5],
			"to": [1, 12, 6],
			"shade": false,
			"faces": {
				"north": {"uv": [0, 0, 16, 16], "texture": "#0"},
				"west": {"uv": [0, 0, 16, 16], "texture": "#0"}
			}
		},
		{
			"from": [0, 11, 6],
			"to": [1, 12, 7],
			"shade": false,
			"faces": {
				"west": {"uv": [0, 0, 16, 16], "texture": "#0"}
			}
		},
		{
			"from": [0, 11, 7],
			"to": [1, 12, 8],
			"shade": false,
			"faces": {
				"south": {"uv": [0, 0, 16, 16], "texture": "#0"},
				"west": {"uv": [0, 0, 16, 16], "texture": "#0"}
			}
		},
		{
			"from": [1, 11, 0],
			"to": [2, 12, 1],
			"shade": false,
			"faces": {
				"north": {"uv": [0, 0, 16, 16], "texture": "#0"},
				"east": {"uv": [0, 0, 16, 16], "texture": "#0"},
				"west": {"uv": [0, 0, 16, 16], "texture": "#0"}
			}
		},
		{
			"from": [1, 11, 4],
			"to": [2, 12, 5],
			"shade": false,
			"faces": {
				"east": {"uv": [0, 0, 16, 16], "texture": "#0"},
				"west": {"uv": [0, 0, 16, 16], "texture": "#0"}
			}
		},
		{
			"from": [1, 11, 8],
			"to": [2, 12, 9],
			"shade": false,
			"faces": {
				"east": {"uv": [0, 0, 16, 16], "texture": "#0"},
				"south": {"uv": [0, 0, 16, 16], "texture": "#0"},
				"west": {"uv": [0, 0, 16, 16], "texture": "#0"}
			}
		},
		{
			"from": [2, 11, 1],
			"to": [3, 12, 2],
			"shade": false,
			"faces": {
				"north": {"uv": [0, 0, 16, 16], "texture": "#1"},
				"up": {"uv": [0, 0, 16, 16], "texture": "#1"},
				"down": {"uv": [0, 0, 16, 16], "texture": "#1"}
			}
		},
		{
			"from": [2, 11, 3],
			"to": [3, 12, 4],
			"shade": false,
			"faces": {
				"south": {"uv": [0, 0, 16, 16], "texture": "#1"},
				"up": {"uv": [0, 0, 16, 16], "texture": "#1"},
				"down": {"uv": [0, 0, 16, 16], "texture": "#1"}
			}
		},
		{
			"from": [2, 11, 5],
			"to": [3, 12, 6],
			"shade": false,
			"faces": {
				"north": {"uv": [0, 0, 16, 16], "texture": "#1"},
				"up": {"uv": [0, 0, 16, 16], "texture": "#1"},
				"down": {"uv": [0, 0, 16, 16], "texture": "#1"}
			}
		},
		{
			"from": [2, 11, 7],
			"to": [3, 12, 8],
			"shade": false,
			"faces": {
				"south": {"uv": [0, 0, 16, 16], "texture": "#1"},
				"up": {"uv": [0, 0, 16, 16], "texture": "#1"},
				"down": {"uv": [0, 0, 16, 16], "texture": "#1"}
			}
		},
		{
			"from": [3, 11, 1],
			"to": [4, 12, 2],
			"shade": false,
			"faces": {
				"north": {"uv": [0, 0, 16, 16], "texture": "#1"},
				"up": {"uv": [0, 0, 16, 16], "texture": "#1"},
				"down": {"uv": [0, 0, 16, 16], "texture": "#1"}
			}
		},
		{
			"from": [3, 11, 3],
			"to": [4, 12, 4],
			"shade": false,
			"faces": {
				"south": {"uv": [0, 0, 16, 16], "texture": "#1"},
				"up": {"uv": [0, 0, 16, 16], "texture": "#1"},
				"down": {"uv": [0, 0, 16, 16], "texture": "#1"}
			}
		},
		{
			"from": [3, 11, 5],
			"to": [4, 12, 6],
			"shade": false,
			"faces": {
				"north": {"uv": [0, 0, 16, 16], "texture": "#1"},
				"up": {"uv": [0, 0, 16, 16], "texture": "#1"},
				"down": {"uv": [0, 0, 16, 16], "texture": "#1"}
			}
		},
		{
			"from": [3, 11, 7],
			"to": [4, 12, 8],
			"shade": false,
			"faces": {
				"south": {"uv": [0, 0, 16, 16], "texture": "#1"},
				"up": {"uv": [0, 0, 16, 16], "texture": "#1"},
				"down": {"uv": [0, 0, 16, 16], "texture": "#1"}
			}
		},
		{
			"from": [4, 11, 0],
			"to": [5, 12, 1],
			"shade": false,
			"faces": {
				"north": {"uv": [0, 0, 16, 16], "texture": "#0"},
				"west": {"uv": [0, 0, 16, 16], "texture": "#0"}
			}
		},
		{
			"from": [4, 11, 4],
			"to": [5, 12, 5],
			"shade": false,
			"faces": {
				"west": {"uv": [0, 0, 16, 16], "texture": "#0"}
			}
		},
		{
			"from": [4, 11, 8],
			"to": [5, 12, 9],
			"shade": false,
			"faces": {
				"south": {"uv": [0, 0, 16, 16], "texture": "#0"},
				"west": {"uv": [0, 0, 16, 16], "texture": "#0"}
			}
		},
		{
			"from": [5, 11, 0],
			"to": [6, 12, 1],
			"shade": false,
			"faces": {
				"north": {"uv": [0, 0, 16, 16], "texture": "#0"}
			}
		},
		{
			"from": [5, 11, 8],
			"to": [6, 12, 9],
			"shade": false,
			"faces": {
				"south": {"uv": [0, 0, 16, 16], "texture": "#0"}
			}
		},
		{
			"from": [6, 11, 0],
			"to": [7, 12, 1],
			"shade": false,
			"faces": {
				"north": {"uv": [0, 0, 16, 16], "texture": "#0"}
			}
		},
		{
			"from": [6, 11, 8],
			"to": [7, 12, 9],
			"shade": false,
			"faces": {
				"south": {"uv": [0, 0, 16, 16], "texture": "#0"}
			}
		},
		{
			"from": [7, 11, 0],
			"to": [8, 12, 1],
			"shade": false,
			"faces": {
				"north": {"uv": [0, 0, 16, 16], "texture": "#0"}
			}
		},
		{
			"from": [7, 11, 8],
			"to": [8, 12, 9],
			"shade": false,
			"faces": {
				"south": {"uv": [0, 0, 16, 16], "texture": "#0"}
			}
		},
		{
			"from": [8, 11, 0],
			"to": [9, 12, 1],
			"shade": false,
			"faces": {
				"north": {"uv": [0, 0, 16, 16], "texture": "#0"}
			}
		},
		{
			"from": [8, 11, 8],
			"to": [9, 12, 9],
			"shade": false,
			"faces": {
				"south": {"uv": [0, 0, 16, 16], "texture": "#0"}
			}
		},
		{
			"from": [9, 11, 0],
			"to": [10, 12, 1],
			"shade": false,
			"faces": {
				"north": {"uv": [0, 0, 16, 16], "texture": "#0"},
				"east": {"uv": [0, 0, 16, 16], "texture": "#0"}
			}
		},
		{
			"from": [9, 11, 1],
			"to": [10, 12, 2],
			"shade": false,
			"faces": {
				"east": {"uv": [0, 0, 16, 16], "texture": "#1"}
			}
		},
		{
			"from": [9, 11, 2],
			"to": [10, 12, 3],
			"shade": false,
			"faces": {
				"east": {"uv": [0, 0, 16, 16], "texture": "#1"}
			}
		},
		{
			"from": [9, 11, 3],
			"to": [10, 12, 4],
			"shade": false,
			"faces": {
				"east": {"uv": [0, 0, 16, 16], "texture": "#1"}
			}
		},
		{
			"from": [9, 11, 4],
			"to": [10, 12, 5],
			"shade": false,
			"faces": {
				"east": {"uv": [0, 0, 16, 16], "texture": "#0"}
			}
		},
		{
			"from": [9, 11, 5],
			"to": [10, 12, 6],
			"shade": false,
			"faces": {
				"east": {"uv": [0, 0, 16, 16], "texture": "#1"}
			}
		},
		{
			"from": [9, 11, 6],
			"to": [10, 12, 7],
			"shade": false,
			"faces": {
				"east": {"uv": [0, 0, 16, 16], "texture": "#1"}
			}
		},
		{
			"from": [9, 11, 7],
			"to": [10, 12, 8],
			"shade": false,
			"faces": {
				"east": {"uv": [0, 0, 16, 16], "texture": "#1"}
			}
		},
		{
			"from": [9, 11, 8],
			"to": [10, 12, 9],
			"shade": false,
			"faces": {
				"east": {"uv": [0, 0, 16, 16], "texture": "#0"},
				"south": {"uv": [0, 0, 16, 16], "texture": "#0"}
			}
		},
		{
			"from": [0, 12, 1],
			"to": [1, 13, 2],
			"shade": false,
			"faces": {
				"north": {"uv": [0, 0, 16, 16], "texture": "#0"},
				"west": {"uv": [0, 0, 16, 16], "texture": "#0"},
				"up": {"uv": [0, 0, 16, 16], "texture": "#0"}
			}
		},
		{
			"from": [0, 12, 2],
			"to": [1, 13, 3],
			"shade": false,
			"faces": {
				"west": {"uv": [0, 0, 16, 16], "texture": "#0"},
				"up": {"uv": [0, 0, 16, 16], "texture": "#0"}
			}
		},
		{
			"from": [0, 12, 3],
			"to": [1, 13, 4],
			"shade": false,
			"faces": {
				"south": {"uv": [0, 0, 16, 16], "texture": "#0"},
				"west": {"uv": [0, 0, 16, 16], "texture": "#0"},
				"up": {"uv": [0, 0, 16, 16], "texture": "#0"}
			}
		},
		{
			"from": [0, 12, 5],
			"to": [1, 13, 6],
			"shade": false,
			"faces": {
				"north": {"uv": [0, 0, 16, 16], "texture": "#0"},
				"west": {"uv": [0, 0, 16, 16], "texture": "#0"},
				"up": {"uv": [0, 0, 16, 16], "texture": "#0"}
			}
		},
		{
			"from": [0, 12, 6],
			"to": [1, 13, 7],
			"shade": false,
			"faces": {
				"west": {"uv": [0, 0, 16, 16], "texture": "#0"},
				"up": {"uv": [0, 0, 16, 16], "texture": "#0"}
			}
		},
		{
			"from": [0, 12, 7],
			"to": [1, 13, 8],
			"shade": false,
			"faces": {
				"south": {"uv": [0, 0, 16, 16], "texture": "#0"},
				"west": {"uv": [0, 0, 16, 16], "texture": "#0"},
				"up": {"uv": [0, 0, 16, 16], "texture": "#0"}
			}
		},
		{
			"from": [1, 12, 0],
			"to": [2, 13, 1],
			"shade": false,
			"faces": {
				"north": {"uv": [0, 0, 16, 16], "texture": "#0"},
				"east": {"uv": [0, 0, 16, 16], "texture": "#0"},
				"west": {"uv": [0, 0, 16, 16], "texture": "#0"}
			}
		},
		{
			"from": [1, 12, 1],
			"to": [2, 13, 2],
			"shade": false,
			"faces": {
				"east": {"uv": [0, 0, 16, 16], "texture": "#0"}
			}
		},
		{
			"from": [1, 12, 3],
			"to": [2, 13, 4],
			"shade": false,
			"faces": {
				"east": {"uv": [0, 0, 16, 16], "texture": "#0"}
			}
		},
		{
			"from": [1, 12, 4],
			"to": [2, 13, 5],
			"shade": false,
			"faces": {
				"east": {"uv": [0, 0, 16, 16], "texture": "#0"},
				"west": {"uv": [0, 0, 16, 16], "texture": "#0"}
			}
		},
		{
			"from": [1, 12, 5],
			"to": [2, 13, 6],
			"shade": false,
			"faces": {
				"east": {"uv": [0, 0, 16, 16], "texture": "#0"}
			}
		},
		{
			"from": [1, 12, 7],
			"to": [2, 13, 8],
			"shade": false,
			"faces": {
				"east": {"uv": [0, 0, 16, 16], "texture": "#0"}
			}
		},
		{
			"from": [1, 12, 8],
			"to": [2, 13, 9],
			"shade": false,
			"faces": {
				"east": {"uv": [0, 0, 16, 16], "texture": "#0"},
				"south": {"uv": [0, 0, 16, 16], "texture": "#0"},
				"west": {"uv": [0, 0, 16, 16], "texture": "#0"}
			}
		},
		{
			"from": [2, 12, 2],
			"to": [3, 13, 3],
			"shade": false,
			"faces": {
				"north": {"uv": [0, 0, 16, 16], "texture": "#1"},
				"south": {"uv": [0, 0, 16, 16], "texture": "#1"},
				"up": {"uv": [0, 0, 16, 16], "texture": "#1"}
			}
		},
		{
			"from": [2, 12, 6],
			"to": [3, 13, 7],
			"shade": false,
			"faces": {
				"north": {"uv": [0, 0, 16, 16], "texture": "#1"},
				"south": {"uv": [0, 0, 16, 16], "texture": "#1"},
				"up": {"uv": [0, 0, 16, 16], "texture": "#1"}
			}
		},
		{
			"from": [3, 12, 2],
			"to": [4, 13, 3],
			"shade": false,
			"faces": {
				"north": {"uv": [0, 0, 16, 16], "texture": "#1"},
				"south": {"uv": [0, 0, 16, 16], "texture": "#1"},
				"up": {"uv": [0, 0, 16, 16], "texture": "#1"}
			}
		},
		{
			"from": [3, 12, 6],
			"to": [4, 13, 7],
			"shade": false,
			"faces": {
				"north": {"uv": [0, 0, 16, 16], "texture": "#1"},
				"south": {"uv": [0, 0, 16, 16], "texture": "#1"},
				"up": {"uv": [0, 0, 16, 16], "texture": "#1"}
			}
		},
		{
			"from": [4, 12, 0],
			"to": [5, 13, 1],
			"shade": false,
			"faces": {
				"north": {"uv": [0, 0, 16, 16], "texture": "#0"},
				"west": {"uv": [0, 0, 16, 16], "texture": "#0"}
			}
		},
		{
			"from": [4, 12, 1],
			"to": [5, 13, 2],
			"shade": false,
			"faces": {
				"west": {"uv": [0, 0, 16, 16], "texture": "#0"}
			}
		},
		{
			"from": [4, 12, 3],
			"to": [5, 13, 4],
			"shade": false,
			"faces": {
				"west": {"uv": [0, 0, 16, 16], "texture": "#0"}
			}
		},
		{
			"from": [4, 12, 4],
			"to": [5, 13, 5],
			"shade": false,
			"faces": {
				"west": {"uv": [0, 0, 16, 16], "texture": "#0"}
			}
		},
		{
			"from": [4, 12, 5],
			"to": [5, 13, 6],
			"shade": false,
			"faces": {
				"west": {"uv": [0, 0, 16, 16], "texture": "#0"}
			}
		},
		{
			"from": [4, 12, 7],
			"to": [5, 13, 8],
			"shade": false,
			"faces": {
				"west": {"uv": [0, 0, 16, 16], "texture": "#0"}
			}
		},
		{
			"from": [4, 12, 8],
			"to": [5, 13, 9],
			"shade": false,
			"faces": {
				"south": {"uv": [0, 0, 16, 16], "texture": "#0"},
				"west": {"uv": [0, 0, 16, 16], "texture": "#0"}
			}
		},
		{
			"from": [5, 12, 0],
			"to": [6, 13, 1],
			"shade": false,
			"faces": {
				"north": {"uv": [0, 0, 16, 16], "texture": "#0"}
			}
		},
		{
			"from": [5, 12, 8],
			"to": [6, 13, 9],
			"shade": false,
			"faces": {
				"south": {"uv": [0, 0, 16, 16], "texture": "#0"}
			}
		},
		{
			"from": [6, 12, 0],
			"to": [7, 13, 1],
			"shade": false,
			"faces": {
				"north": {"uv": [0, 0, 16, 16], "texture": "#0"}
			}
		},
		{
			"from": [6, 12, 8],
			"to": [7, 13, 9],
			"shade": false,
			"faces": {
				"south": {"uv": [0, 0, 16, 16], "texture": "#0"}
			}
		},
		{
			"from": [7, 12, 0],
			"to": [8, 13, 1],
			"shade": false,
			"faces": {
				"north": {"uv": [0, 0, 16, 16], "texture": "#0"}
			}
		},
		{
			"from": [7, 12, 8],
			"to": [8, 13, 9],
			"shade": false,
			"faces": {
				"south": {"uv": [0, 0, 16, 16], "texture": "#0"}
			}
		},
		{
			"from": [8, 12, 0],
			"to": [9, 13, 1],
			"shade": false,
			"faces": {
				"north": {"uv": [0, 0, 16, 16], "texture": "#0"}
			}
		},
		{
			"from": [8, 12, 8],
			"to": [9, 13, 9],
			"shade": false,
			"faces": {
				"south": {"uv": [0, 0, 16, 16], "texture": "#0"}
			}
		},
		{
			"from": [9, 12, 0],
			"to": [10, 13, 1],
			"shade": false,
			"faces": {
				"north": {"uv": [0, 0, 16, 16], "texture": "#0"},
				"east": {"uv": [0, 0, 16, 16], "texture": "#0"}
			}
		},
		{
			"from": [9, 12, 1],
			"to": [10, 13, 2],
			"shade": false,
			"faces": {
				"east": {"uv": [0, 0, 16, 16], "texture": "#1"}
			}
		},
		{
			"from": [9, 12, 2],
			"to": [10, 13, 3],
			"shade": false,
			"faces": {
				"east": {"uv": [0, 0, 16, 16], "texture": "#1"}
			}
		},
		{
			"from": [9, 12, 3],
			"to": [10, 13, 4],
			"shade": false,
			"faces": {
				"east": {"uv": [0, 0, 16, 16], "texture": "#1"}
			}
		},
		{
			"from": [9, 12, 4],
			"to": [10, 13, 5],
			"shade": false,
			"faces": {
				"east": {"uv": [0, 0, 16, 16], "texture": "#0"}
			}
		},
		{
			"from": [9, 12, 5],
			"to": [10, 13, 6],
			"shade": false,
			"faces": {
				"east": {"uv": [0, 0, 16, 16], "texture": "#1"}
			}
		},
		{
			"from": [9, 12, 6],
			"to": [10, 13, 7],
			"shade": false,
			"faces": {
				"east": {"uv": [0, 0, 16, 16], "texture": "#1"}
			}
		},
		{
			"from": [9, 12, 7],
			"to": [10, 13, 8],
			"shade": false,
			"faces": {
				"east": {"uv": [0, 0, 16, 16], "texture": "#1"}
			}
		},
		{
			"from": [9, 12, 8],
			"to": [10, 13, 9],
			"shade": false,
			"faces": {
				"east": {"uv": [0, 0, 16, 16], "texture": "#0"},
				"south": {"uv": [0, 0, 16, 16], "texture": "#0"}
			}
		},
		{
			"from": [1, 13, 0],
			"to": [2, 14, 1],
			"shade": false,
			"faces": {
				"north": {"uv": [0, 0, 16, 16], "texture": "#0"},
				"east": {"uv": [0, 0, 16, 16], "texture": "#0"},
				"west": {"uv": [0, 0, 16, 16], "texture": "#0"},
				"up": {"uv": [0, 0, 16, 16], "texture": "#0"}
			}
		},
		{
			"from": [1, 13, 1],
			"to": [2, 14, 2],
			"shade": false,
			"faces": {
				"east": {"uv": [0, 0, 16, 16], "texture": "#0"},
				"west": {"uv": [0, 0, 16, 16], "texture": "#0"},
				"up": {"uv": [0, 0, 16, 16], "texture": "#0"}
			}
		},
		{
			"from": [1, 13, 2],
			"to": [2, 14, 3],
			"shade": false,
			"faces": {
				"east": {"uv": [0, 0, 16, 16], "texture": "#0"},
				"west": {"uv": [0, 0, 16, 16], "texture": "#0"},
				"up": {"uv": [0, 0, 16, 16], "texture": "#0"}
			}
		},
		{
			"from": [1, 13, 3],
			"to": [2, 14, 4],
			"shade": false,
			"faces": {
				"east": {"uv": [0, 0, 16, 16], "texture": "#0"},
				"west": {"uv": [0, 0, 16, 16], "texture": "#0"},
				"up": {"uv": [0, 0, 16, 16], "texture": "#0"}
			}
		},
		{
			"from": [1, 13, 4],
			"to": [2, 14, 5],
			"shade": false,
			"faces": {
				"east": {"uv": [0, 0, 16, 16], "texture": "#0"},
				"west": {"uv": [0, 0, 16, 16], "texture": "#0"},
				"up": {"uv": [0, 0, 16, 16], "texture": "#0"}
			}
		},
		{
			"from": [1, 13, 5],
			"to": [2, 14, 6],
			"shade": false,
			"faces": {
				"east": {"uv": [0, 0, 16, 16], "texture": "#0"},
				"west": {"uv": [0, 0, 16, 16], "texture": "#0"},
				"up": {"uv": [0, 0, 16, 16], "texture": "#0"}
			}
		},
		{
			"from": [1, 13, 6],
			"to": [2, 14, 7],
			"shade": false,
			"faces": {
				"east": {"uv": [0, 0, 16, 16], "texture": "#0"},
				"west": {"uv": [0, 0, 16, 16], "texture": "#0"},
				"up": {"uv": [0, 0, 16, 16], "texture": "#0"}
			}
		},
		{
			"from": [1, 13, 7],
			"to": [2, 14, 8],
			"shade": false,
			"faces": {
				"east": {"uv": [0, 0, 16, 16], "texture": "#0"},
				"west": {"uv": [0, 0, 16, 16], "texture": "#0"},
				"up": {"uv": [0, 0, 16, 16], "texture": "#0"}
			}
		},
		{
			"from": [1, 13, 8],
			"to": [2, 14, 9],
			"shade": false,
			"faces": {
				"east": {"uv": [0, 0, 16, 16], "texture": "#0"},
				"south": {"uv": [0, 0, 16, 16], "texture": "#0"},
				"west": {"uv": [0, 0, 16, 16], "texture": "#0"},
				"up": {"uv": [0, 0, 16, 16], "texture": "#0"}
			}
		},
		{
			"from": [4, 13, 0],
			"to": [5, 14, 1],
			"shade": false,
			"faces": {
				"north": {"uv": [0, 0, 16, 16], "texture": "#0"},
				"west": {"uv": [0, 0, 16, 16], "texture": "#0"},
				"up": {"uv": [0, 0, 16, 16], "texture": "#0"}
			}
		},
		{
			"from": [4, 13, 1],
			"to": [5, 14, 2],
			"shade": false,
			"faces": {
				"west": {"uv": [0, 0, 16, 16], "texture": "#0"},
				"up": {"uv": [0, 0, 16, 16], "texture": "#0"}
			}
		},
		{
			"from": [4, 13, 2],
			"to": [5, 14, 3],
			"shade": false,
			"faces": {
				"west": {"uv": [0, 0, 16, 16], "texture": "#0"},
				"up": {"uv": [0, 0, 16, 16], "texture": "#0"}
			}
		},
		{
			"from": [4, 13, 3],
			"to": [5, 14, 4],
			"shade": false,
			"faces": {
				"west": {"uv": [0, 0, 16, 16], "texture": "#0"},
				"up": {"uv": [0, 0, 16, 16], "texture": "#0"}
			}
		},
		{
			"from": [4, 13, 4],
			"to": [5, 14, 5],
			"shade": false,
			"faces": {
				"west": {"uv": [0, 0, 16, 16], "texture": "#0"},
				"up": {"uv": [0, 0, 16, 16], "texture": "#0"}
			}
		},
		{
			"from": [4, 13, 5],
			"to": [5, 14, 6],
			"shade": false,
			"faces": {
				"west": {"uv": [0, 0, 16, 16], "texture": "#0"},
				"up": {"uv": [0, 0, 16, 16], "texture": "#0"}
			}
		},
		{
			"from": [4, 13, 6],
			"to": [5, 14, 7],
			"shade": false,
			"faces": {
				"west": {"uv": [0, 0, 16, 16], "texture": "#0"},
				"up": {"uv": [0, 0, 16, 16], "texture": "#0"}
			}
		},
		{
			"from": [4, 13, 7],
			"to": [5, 14, 8],
			"shade": false,
			"faces": {
				"west": {"uv": [0, 0, 16, 16], "texture": "#0"},
				"up": {"uv": [0, 0, 16, 16], "texture": "#0"}
			}
		},
		{
			"from": [4, 13, 8],
			"to": [5, 14, 9],
			"shade": false,
			"faces": {
				"south": {"uv": [0, 0, 16, 16], "texture": "#0"},
				"west": {"uv": [0, 0, 16, 16], "texture": "#0"},
				"up": {"uv": [0, 0, 16, 16], "texture": "#0"}
			}
		},
		{
			"from": [5, 13, 0],
			"to": [6, 14, 1],
			"shade": false,
			"faces": {
				"north": {"uv": [0, 0, 16, 16], "texture": "#0"},
				"up": {"uv": [0, 0, 16, 16], "texture": "#0"}
			}
		},
		{
			"from": [5, 13, 1],
			"to": [6, 14, 2],
			"shade": false,
			"faces": {
				"up": {"uv": [0, 0, 16, 16], "texture": "#0"}
			}
		},
		{
			"from": [5, 13, 2],
			"to": [6, 14, 3],
			"shade": false,
			"faces": {
				"up": {"uv": [0, 0, 16, 16], "texture": "#0"}
			}
		},
		{
			"from": [5, 13, 3],
			"to": [6, 14, 4],
			"shade": false,
			"faces": {
				"up": {"uv": [0, 0, 16, 16], "texture": "#0"}
			}
		},
		{
			"from": [5, 13, 4],
			"to": [6, 14, 5],
			"shade": false,
			"faces": {
				"up": {"uv": [0, 0, 16, 16], "texture": "#0"}
			}
		},
		{
			"from": [5, 13, 5],
			"to": [6, 14, 6],
			"shade": false,
			"faces": {
				"up": {"uv": [0, 0, 16, 16], "texture": "#0"}
			}
		},
		{
			"from": [5, 13, 6],
			"to": [6, 14, 7],
			"shade": false,
			"faces": {
				"up": {"uv": [0, 0, 16, 16], "texture": "#0"}
			}
		},
		{
			"from": [5, 13, 7],
			"to": [6, 14, 8],
			"shade": false,
			"faces": {
				"up": {"uv": [0, 0, 16, 16], "texture": "#0"}
			}
		},
		{
			"from": [5, 13, 8],
			"to": [6, 14, 9],
			"shade": false,
			"faces": {
				"south": {"uv": [0, 0, 16, 16], "texture": "#0"},
				"up": {"uv": [0, 0, 16, 16], "texture": "#0"}
			}
		},
		{
			"from": [6, 13, 0],
			"to": [7, 14, 1],
			"shade": false,
			"faces": {
				"north": {"uv": [0, 0, 16, 16], "texture": "#0"},
				"up": {"uv": [0, 0, 16, 16], "texture": "#0"}
			}
		},
		{
			"from": [6, 13, 1],
			"to": [7, 14, 2],
			"shade": false,
			"faces": {
				"up": {"uv": [0, 0, 16, 16], "texture": "#0"}
			}
		},
		{
			"from": [6, 13, 2],
			"to": [7, 14, 3],
			"shade": false,
			"faces": {
				"up": {"uv": [0, 0, 16, 16], "texture": "#0"}
			}
		},
		{
			"from": [6, 13, 3],
			"to": [7, 14, 4],
			"shade": false,
			"faces": {
				"up": {"uv": [0, 0, 16, 16], "texture": "#0"}
			}
		},
		{
			"from": [6, 13, 4],
			"to": [7, 14, 5],
			"shade": false,
			"faces": {
				"up": {"uv": [0, 0, 16, 16], "texture": "#0"}
			}
		},
		{
			"from": [6, 13, 5],
			"to": [7, 14, 6],
			"shade": false,
			"faces": {
				"up": {"uv": [0, 0, 16, 16], "texture": "#0"}
			}
		},
		{
			"from": [6, 13, 6],
			"to": [7, 14, 7],
			"shade": false,
			"faces": {
				"up": {"uv": [0, 0, 16, 16], "texture": "#0"}
			}
		},
		{
			"from": [6, 13, 7],
			"to": [7, 14, 8],
			"shade": false,
			"faces": {
				"up": {"uv": [0, 0, 16, 16], "texture": "#0"}
			}
		},
		{
			"from": [6, 13, 8],
			"to": [7, 14, 9],
			"shade": false,
			"faces": {
				"south": {"uv": [0, 0, 16, 16], "texture": "#0"},
				"up": {"uv": [0, 0, 16, 16], "texture": "#0"}
			}
		},
		{
			"from": [7, 13, 0],
			"to": [8, 14, 1],
			"shade": false,
			"faces": {
				"north": {"uv": [0, 0, 16, 16], "texture": "#0"},
				"up": {"uv": [0, 0, 16, 16], "texture": "#0"}
			}
		},
		{
			"from": [7, 13, 1],
			"to": [8, 14, 2],
			"shade": false,
			"faces": {
				"up": {"uv": [0, 0, 16, 16], "texture": "#0"}
			}
		},
		{
			"from": [7, 13, 2],
			"to": [8, 14, 3],
			"shade": false,
			"faces": {
				"up": {"uv": [0, 0, 16, 16], "texture": "#0"}
			}
		},
		{
			"from": [7, 13, 3],
			"to": [8, 14, 4],
			"shade": false,
			"faces": {
				"up": {"uv": [0, 0, 16, 16], "texture": "#0"}
			}
		},
		{
			"from": [7, 13, 4],
			"to": [8, 14, 5],
			"shade": false,
			"faces": {
				"up": {"uv": [0, 0, 16, 16], "texture": "#0"}
			}
		},
		{
			"from": [7, 13, 5],
			"to": [8, 14, 6],
			"shade": false,
			"faces": {
				"up": {"uv": [0, 0, 16, 16], "texture": "#0"}
			}
		},
		{
			"from": [7, 13, 6],
			"to": [8, 14, 7],
			"shade": false,
			"faces": {
				"up": {"uv": [0, 0, 16, 16], "texture": "#0"}
			}
		},
		{
			"from": [7, 13, 7],
			"to": [8, 14, 8],
			"shade": false,
			"faces": {
				"up": {"uv": [0, 0, 16, 16], "texture": "#0"}
			}
		},
		{
			"from": [7, 13, 8],
			"to": [8, 14, 9],
			"shade": false,
			"faces": {
				"south": {"uv": [0, 0, 16, 16], "texture": "#0"},
				"up": {"uv": [0, 0, 16, 16], "texture": "#0"}
			}
		},
		{
			"from": [8, 13, 0],
			"to": [9, 14, 1],
			"shade": false,
			"faces": {
				"north": {"uv": [0, 0, 16, 16], "texture": "#0"},
				"up": {"uv": [0, 0, 16, 16], "texture": "#0"}
			}
		},
		{
			"from": [8, 13, 1],
			"to": [9, 14, 2],
			"shade": false,
			"faces": {
				"up": {"uv": [0, 0, 16, 16], "texture": "#0"}
			}
		},
		{
			"from": [8, 13, 2],
			"to": [9, 14, 3],
			"shade": false,
			"faces": {
				"up": {"uv": [0, 0, 16, 16], "texture": "#0"}
			}
		},
		{
			"from": [8, 13, 3],
			"to": [9, 14, 4],
			"shade": false,
			"faces": {
				"up": {"uv": [0, 0, 16, 16], "texture": "#0"}
			}
		},
		{
			"from": [8, 13, 4],
			"to": [9, 14, 5],
			"shade": false,
			"faces": {
				"up": {"uv": [0, 0, 16, 16], "texture": "#0"}
			}
		},
		{
			"from": [8, 13, 5],
			"to": [9, 14, 6],
			"shade": false,
			"faces": {
				"up": {"uv": [0, 0, 16, 16], "texture": "#0"}
			}
		},
		{
			"from": [8, 13, 6],
			"to": [9, 14, 7],
			"shade": false,
			"faces": {
				"up": {"uv": [0, 0, 16, 16], "texture": "#0"}
			}
		},
		{
			"from": [8, 13, 7],
			"to": [9, 14, 8],
			"shade": false,
			"faces": {
				"up": {"uv": [0, 0, 16, 16], "texture": "#0"}
			}
		},
		{
			"from": [8, 13, 8],
			"to": [9, 14, 9],
			"shade": false,
			"faces": {
				"south": {"uv": [0, 0, 16, 16], "texture": "#0"},
				"up": {"uv": [0, 0, 16, 16], "texture": "#0"}
			}
		},
		{
			"from": [9, 13, 0],
			"to": [10, 14, 1],
			"shade": false,
			"faces": {
				"north": {"uv": [0, 0, 16, 16], "texture": "#0"},
				"east": {"uv": [0, 0, 16, 16], "texture": "#0"},
				"up": {"uv": [0, 0, 16, 16], "texture": "#0"}
			}
		},
		{
			"from": [9, 13, 1],
			"to": [10, 14, 2],
			"shade": false,
			"faces": {
				"east": {"uv": [0, 0, 16, 16], "texture": "#0"},
				"up": {"uv": [0, 0, 16, 16], "texture": "#0"}
			}
		},
		{
			"from": [9, 13, 2],
			"to": [10, 14, 3],
			"shade": false,
			"faces": {
				"east": {"uv": [0, 0, 16, 16], "texture": "#0"},
				"up": {"uv": [0, 0, 16, 16], "texture": "#0"}
			}
		},
		{
			"from": [9, 13, 3],
			"to": [10, 14, 4],
			"shade": false,
			"faces": {
				"east": {"uv": [0, 0, 16, 16], "texture": "#0"},
				"up": {"uv": [0, 0, 16, 16], "texture": "#0"}
			}
		},
		{
			"from": [9, 13, 4],
			"to": [10, 14, 5],
			"shade": false,
			"faces": {
				"east": {"uv": [0, 0, 16, 16], "texture": "#0"},
				"up": {"uv": [0, 0, 16, 16], "texture": "#0"}
			}
		},
		{
			"from": [9, 13, 5],
			"to": [10, 14, 6],
			"shade": false,
			"faces": {
				"east": {"uv": [0, 0, 16, 16], "texture": "#0"},
				"up": {"uv": [0, 0, 16, 16], "texture": "#0"}
			}
		},
		{
			"from": [9, 13, 6],
			"to": [10, 14, 7],
			"shade": false,
			"faces": {
				"east": {"uv": [0, 0, 16, 16], "texture": "#0"},
				"up": {"uv": [0, 0, 16, 16], "texture": "#0"}
			}
		},
		{
			"from": [9, 13, 7],
			"to": [10, 14, 8],
			"shade": false,
			"faces": {
				"east": {"uv": [0, 0, 16, 16], "texture": "#0"},
				"up": {"uv": [0, 0, 16, 16], "texture": "#0"}
			}
		},
		{
			"from": [9, 13, 8],
			"to": [10, 14, 9],
			"shade": false,
			"faces": {
				"east": {"uv": [0, 0, 16, 16], "texture": "#0"},
				"south": {"uv": [0, 0, 16, 16], "texture": "#0"},
				"up": {"uv": [0, 0, 16, 16], "texture": "#0"}
			}
		}
	],
	"gui_light": "front",
	"display": {
		"thirdperson_righthand": {
			"rotation": [79, 85, 25],
			"translation": [9.75, 7, 9.5],
			"scale": [0, 0, 0]
		},
		"thirdperson_lefthand": {
			"rotation": [80, -85, -25],
			"translation": [-2.5, 7, 9.5],
			"scale": [0, 0, 0]
		},
		"firstperson_righthand": {
			"rotation": [0, 92, 16],
			"translation": [4.25, 3, 0]
		},
		"firstperson_lefthand": {
			"rotation": [0, -92, -16],
			"translation": [-4.25, 3, 0]
		},
		"ground": {
			"rotation": [0, 0, 21],
			"translation": [0, 6.25, 0]
		},
		"gui": {
			"rotation": [0, -25, 15],
			"translation": [1, 0.75, 0]
		},
		"head": {
			"rotation": [14, 90, 0],
			"translation": [25, 2.5, 0],
			"scale": [2, 2, 2]
		},
		"fixed": {
			"rotation": [0, 0, 18],
			"translation": [1.25, 0.75, 3.5]
		}
	},
	"groups": [
		{
			"name": "structure",
			"origin": [8, 8, 8],
			"color": 0,
			"children": [
				0,
				1,
				2,
				3,
				4,
				5,
				6,
				7,
				8,
				9,
				10,
				11,
				12,
				13,
				14,
				15,
				16,
				17,
				18,
				19,
				20,
				21,
				22,
				23,
				24,
				25,
				26,
				27,
				28,
				29,
				30,
				31,
				32,
				33,
				34,
				35,
				36,
				37,
				38,
				39,
				40,
				41,
				42,
				43,
				44,
				45,
				46,
				47,
				48,
				49,
				50,
				51,
				52,
				53,
				54,
				55,
				56,
				57,
				58,
				59,
				60,
				61,
				62,
				63,
				64,
				65,
				66,
				67,
				68,
				69,
				70,
				71,
				72,
				73,
				74,
				75,
				76,
				77,
				78,
				79,
				80,
				81,
				82,
				83,
				84,
				85,
				86,
				87,
				88,
				89,
				90,
				91,
				92,
				93,
				94,
				95,
				96,
				97,
				98,
				99,
				100,
				101,
				102,
				103,
				104,
				105,
				106,
				107,
				108,
				109,
				110,
				111,
				112,
				113,
				114,
				115,
				116,
				117,
				118,
				119,
				120,
				121,
				122,
				123,
				124,
				125,
				126,
				127,
				128,
				129,
				130,
				131,
				132,
				133,
				134,
				135,
				136,
				137,
				138,
				139,
				140,
				141,
				142,
				143,
				144,
				145,
				146,
				147,
				148,
				149,
				150,
				151,
				152,
				153,
				154,
				155,
				156,
				157,
				158,
				159,
				160,
				161,
				162,
				163,
				164,
				165,
				166,
				167,
				168,
				169,
				170,
				171,
				172,
				173,
				174,
				175,
				176,
				177,
				178,
				179,
				180,
				181,
				182,
				183,
				184,
				185,
				186,
				187,
				188,
				189,
				190,
				191,
				192,
				193,
				194,
				195,
				196,
				197,
				198,
				199,
				200,
				201,
				202,
				203,
				204,
				205,
				206,
				207,
				208,
				209,
				210,
				211,
				212,
				213,
				214,
				215,
				216,
				217,
				218,
				219,
				220,
				221,
				222,
				223,
				224,
				225,
				226,
				227,
				228,
				229,
				230,
				231,
				232,
				233,
				234,
				235,
				236,
				237,
				238,
				239,
				240,
				241,
				242,
				243,
				244,
				245,
				246,
				247,
				248,
				249,
				250,
				251,
				252,
				253,
				254,
				255,
				256,
				257,
				258,
				259,
				260,
				261,
				262,
				263,
				264,
				265,
				266,
				267,
				268,
				269,
				270,
				271,
				272,
				273,
				274,
				275,
				276,
				277,
				278,
				279,
				280,
				281,
				282,
				283,
				284,
				285,
				286,
				287,
				288,
				289,
				290,
				291,
				292,
				293,
				294,
				295,
				296,
				297,
				298,
				299,
				300,
				301,
				302,
				303,
				304,
				305,
				306,
				307,
				308,
				309,
				310,
				311,
				312,
				313,
				314,
				315,
				316,
				317,
				318,
				319,
				320,
				321,
				322,
				323,
				324,
				325,
				326,
				327,
				328,
				329,
				330,
				331,
				332,
				333,
				334,
				335,
				336,
				337,
				338,
				339,
				340,
				341,
				342,
				343,
				344,
				345,
				346,
				347,
				348,
				349,
				350,
				351,
				352,
				353,
				354,
				355,
				356,
				357,
				358,
				359,
				360,
				361,
				362,
				363,
				364,
				365,
				366,
				367,
				368,
				369,
				370,
				371,
				372,
				373,
				374,
				375,
				376,
				377,
				378,
				379,
				380,
				381,
				382,
				383,
				384,
				385,
				386,
				387,
				388,
				389,
				390,
				391,
				392,
				393,
				394,
				395,
				396,
				397,
				398,
				399,
				400,
				401,
				402,
				403,
				404,
				405,
				406,
				407,
				408,
				409,
				410,
				411,
				412,
				413,
				414,
				415,
				416,
				417,
				418,
				419,
				420,
				421,
				422,
				423,
				424,
				425,
				426,
				427,
				428,
				429,
				430,
				431,
				432,
				433,
				434,
				435,
				436,
				437,
				438,
				439,
				440,
				441,
				442,
				443,
				444,
				445,
				446,
				447,
				448,
				449,
				450
			]
		}
	]
}