{
	"credit": "Made with Blockbench",
	"textures": {
		"0": "item/sword/skill6_0",
		"particle": "item/sword/skill6_0"
	},
	"elements": [
		{
			"name": "skill6_0_0",
			"from": [7.9, 14, 13.5],
			"to": [8.15, 16, 15.5],
			"faces": {
				"north": {"uv": [14, 0, 14.25, 2], "texture": "#0"},
				"east": {"uv": [14, 2, 16, 0], "rotation": 180, "texture": "#0"},
				"south": {"uv": [15.75, 0, 16, 2], "texture": "#0"},
				"west": {"uv": [14, 0, 16, 2], "texture": "#0"},
				"up": {"uv": [16, 0, 14, 0.25], "rotation": 270, "texture": "#0"},
				"down": {"uv": [14, 1.75, 16, 2], "rotation": 270, "texture": "#0"}
			}
		},
		{
			"name": "skill6_0_1",
			"from": [7.9, 12, 12.5],
			"to": [8.15, 15, 13.5],
			"faces": {
				"north": {"uv": [13, 1, 13.25, 4], "texture": "#0"},
				"east": {"uv": [13, 4, 14, 1], "rotation": 180, "texture": "#0"},
				"south": {"uv": [13.75, 1, 14, 4], "texture": "#0"},
				"west": {"uv": [13, 1, 14, 4], "texture": "#0"},
				"up": {"uv": [14, 1, 13, 1.25], "rotation": 270, "texture": "#0"},
				"down": {"uv": [13, 3.75, 14, 4], "rotation": 270, "texture": "#0"}
			}
		},
		{
			"name": "skill6_0_2",
			"from": [7.9, 12, 5.5],
			"to": [8.15, 14, 7.5],
			"faces": {
				"north": {"uv": [6, 2, 6.25, 4], "texture": "#0"},
				"east": {"uv": [6, 4, 8, 2], "rotation": 180, "texture": "#0"},
				"south": {"uv": [7.75, 2, 8, 4], "texture": "#0"},
				"west": {"uv": [6, 2, 8, 4], "texture": "#0"},
				"up": {"uv": [8, 2, 6, 2.25], "rotation": 270, "texture": "#0"},
				"down": {"uv": [6, 3.75, 8, 4], "rotation": 270, "texture": "#0"}
			}
		},
		{
			"name": "skill6_0_3",
			"from": [7.9, 11, 11.5],
			"to": [8.15, 14, 12.5],
			"faces": {
				"north": {"uv": [12, 2, 12.25, 5], "texture": "#0"},
				"east": {"uv": [12, 5, 13, 2], "rotation": 180, "texture": "#0"},
				"south": {"uv": [12.75, 2, 13, 5], "texture": "#0"},
				"west": {"uv": [12, 2, 13, 5], "texture": "#0"},
				"up": {"uv": [13, 2, 12, 2.25], "rotation": 270, "texture": "#0"},
				"down": {"uv": [12, 4.75, 13, 5], "rotation": 270, "texture": "#0"}
			}
		},
		{
			"name": "skill6_0_4",
			"from": [7.9, 13, 13.5],
			"to": [8.15, 14, 14.5],
			"faces": {
				"north": {"uv": [14, 2, 14.25, 3], "texture": "#0"},
				"east": {"uv": [14, 3, 15, 2], "rotation": 180, "texture": "#0"},
				"south": {"uv": [14.75, 2, 15, 3], "texture": "#0"},
				"west": {"uv": [14, 2, 15, 3], "texture": "#0"},
				"up": {"uv": [15, 2, 14, 2.25], "rotation": 270, "texture": "#0"},
				"down": {"uv": [14, 2.75, 15, 3], "rotation": 270, "texture": "#0"}
			}
		},
		{
			"name": "skill6_0_5",
			"from": [7.9, 6, 7.5],
			"to": [8.15, 13, 9.5],
			"faces": {
				"north": {"uv": [8, 3, 8.25, 10], "texture": "#0"},
				"east": {"uv": [8, 10, 10, 3], "rotation": 180, "texture": "#0"},
				"south": {"uv": [9.75, 3, 10, 10], "texture": "#0"},
				"west": {"uv": [8, 3, 10, 10], "texture": "#0"},
				"up": {"uv": [10, 3, 8, 3.25], "rotation": 270, "texture": "#0"},
				"down": {"uv": [8, 9.75, 10, 10], "rotation": 270, "texture": "#0"}
			}
		},
		{
			"name": "skill6_0_6",
			"from": [7.9, 7, 10.5],
			"to": [8.15, 13, 11.5],
			"faces": {
				"north": {"uv": [11, 3, 11.25, 9], "texture": "#0"},
				"east": {"uv": [11, 9, 12, 3], "rotation": 180, "texture": "#0"},
				"south": {"uv": [11.75, 3, 12, 9], "texture": "#0"},
				"west": {"uv": [11, 3, 12, 9], "texture": "#0"},
				"up": {"uv": [12, 3, 11, 3.25], "rotation": 270, "texture": "#0"},
				"down": {"uv": [11, 8.75, 12, 9], "rotation": 270, "texture": "#0"}
			}
		},
		{
			"name": "skill6_0_7",
			"from": [7.9, 11, 6.5],
			"to": [8.15, 12, 7.5],
			"faces": {
				"north": {"uv": [7, 4, 7.25, 5], "texture": "#0"},
				"east": {"uv": [7, 5, 8, 4], "rotation": 180, "texture": "#0"},
				"south": {"uv": [7.75, 4, 8, 5], "texture": "#0"},
				"west": {"uv": [7, 4, 8, 5], "texture": "#0"},
				"up": {"uv": [8, 4, 7, 4.25], "rotation": 270, "texture": "#0"},
				"down": {"uv": [7, 4.75, 8, 5], "rotation": 270, "texture": "#0"}
			}
		},
		{
			"name": "skill6_0_8",
			"from": [7.9, 8, 9.5],
			"to": [8.15, 12, 10.5],
			"faces": {
				"north": {"uv": [10, 4, 10.25, 8], "texture": "#0"},
				"east": {"uv": [10, 8, 11, 4], "rotation": 180, "texture": "#0"},
				"south": {"uv": [10.75, 4, 11, 8], "texture": "#0"},
				"west": {"uv": [10, 4, 11, 8], "texture": "#0"},
				"up": {"uv": [11, 4, 10, 4.25], "rotation": 270, "texture": "#0"},
				"down": {"uv": [10, 7.75, 11, 8], "rotation": 270, "texture": "#0"}
			}
		},
		{
			"name": "skill6_0_9",
			"from": [7.9, 6, 11.5],
			"to": [8.15, 10, 12.5],
			"faces": {
				"north": {"uv": [12, 6, 12.25, 10], "texture": "#0"},
				"east": {"uv": [12, 10, 13, 6], "rotation": 180, "texture": "#0"},
				"south": {"uv": [12.75, 6, 13, 10], "texture": "#0"},
				"west": {"uv": [12, 6, 13, 10], "texture": "#0"},
				"up": {"uv": [13, 6, 12, 6.25], "rotation": 270, "texture": "#0"},
				"down": {"uv": [12, 9.75, 13, 10], "rotation": 270, "texture": "#0"}
			}
		},
		{
			"name": "skill6_0_10",
			"from": [7.9, 5, 6.5],
			"to": [8.15, 9, 7.5],
			"faces": {
				"north": {"uv": [7, 7, 7.25, 11], "texture": "#0"},
				"east": {"uv": [7, 11, 8, 7], "rotation": 180, "texture": "#0"},
				"south": {"uv": [7.75, 7, 8, 11], "texture": "#0"},
				"west": {"uv": [7, 7, 8, 11], "texture": "#0"},
				"up": {"uv": [8, 7, 7, 7.25], "rotation": 270, "texture": "#0"},
				"down": {"uv": [7, 10.75, 8, 11], "rotation": 270, "texture": "#0"}
			}
		},
		{
			"name": "skill6_0_11",
			"from": [7.9, 4, 5.5],
			"to": [8.15, 8, 6.5],
			"faces": {
				"north": {"uv": [6, 8, 6.25, 12], "texture": "#0"},
				"east": {"uv": [6, 12, 7, 8], "rotation": 180, "texture": "#0"},
				"south": {"uv": [6.75, 8, 7, 12], "texture": "#0"},
				"west": {"uv": [6, 8, 7, 12], "texture": "#0"},
				"up": {"uv": [7, 8, 6, 8.25], "rotation": 270, "texture": "#0"},
				"down": {"uv": [6, 11.75, 7, 12], "rotation": 270, "texture": "#0"}
			}
		},
		{
			"name": "skill6_0_12",
			"from": [7.9, 1, 12.5],
			"to": [8.15, 8, 13.5],
			"faces": {
				"north": {"uv": [13, 8, 13.25, 15], "texture": "#0"},
				"east": {"uv": [13, 15, 14, 8], "rotation": 180, "texture": "#0"},
				"south": {"uv": [13.75, 8, 14, 15], "texture": "#0"},
				"west": {"uv": [13, 8, 14, 15], "texture": "#0"},
				"up": {"uv": [14, 8, 13, 8.25], "rotation": 270, "texture": "#0"},
				"down": {"uv": [13, 14.75, 14, 15], "rotation": 270, "texture": "#0"}
			}
		},
		{
			"name": "skill6_0_13",
			"from": [7.9, 3, 4.5],
			"to": [8.15, 7, 5.5],
			"faces": {
				"north": {"uv": [5, 9, 5.25, 13], "texture": "#0"},
				"east": {"uv": [5, 13, 6, 9], "rotation": 180, "texture": "#0"},
				"south": {"uv": [5.75, 9, 6, 13], "texture": "#0"},
				"west": {"uv": [5, 9, 6, 13], "texture": "#0"},
				"up": {"uv": [6, 9, 5, 9.25], "rotation": 270, "texture": "#0"},
				"down": {"uv": [5, 12.75, 6, 13], "rotation": 270, "texture": "#0"}
			}
		},
		{
			"name": "skill6_0_14",
			"from": [7.9, 6, 14.5],
			"to": [8.15, 7, 15.5],
			"faces": {
				"north": {"uv": [15, 9, 15.25, 10], "texture": "#0"},
				"east": {"uv": [15, 10, 16, 9], "rotation": 180, "texture": "#0"},
				"south": {"uv": [15.75, 9, 16, 10], "texture": "#0"},
				"west": {"uv": [15, 9, 16, 10], "texture": "#0"},
				"up": {"uv": [16, 9, 15, 9.25], "rotation": 270, "texture": "#0"},
				"down": {"uv": [15, 9.75, 16, 10], "rotation": 270, "texture": "#0"}
			}
		},
		{
			"name": "skill6_0_15",
			"from": [7.9, 2, 3.5],
			"to": [8.15, 6, 4.5],
			"faces": {
				"north": {"uv": [4, 10, 4.25, 14], "texture": "#0"},
				"east": {"uv": [4, 14, 5, 10], "rotation": 180, "texture": "#0"},
				"south": {"uv": [4.75, 10, 5, 14], "texture": "#0"},
				"west": {"uv": [4, 10, 5, 14], "texture": "#0"},
				"up": {"uv": [5, 10, 4, 10.25], "rotation": 270, "texture": "#0"},
				"down": {"uv": [4, 13.75, 5, 14], "rotation": 270, "texture": "#0"}
			}
		},
		{
			"name": "skill6_0_16",
			"from": [7.9, 4, 9.5],
			"to": [8.15, 6, 11.5],
			"faces": {
				"north": {"uv": [10, 10, 10.25, 12], "texture": "#0"},
				"east": {"uv": [10, 12, 12, 10], "rotation": 180, "texture": "#0"},
				"south": {"uv": [11.75, 10, 12, 12], "texture": "#0"},
				"west": {"uv": [10, 10, 12, 12], "texture": "#0"},
				"up": {"uv": [12, 10, 10, 10.25], "rotation": 270, "texture": "#0"},
				"down": {"uv": [10, 11.75, 12, 12], "rotation": 270, "texture": "#0"}
			}
		},
		{
			"name": "skill6_0_17",
			"from": [7.9, 4, 13.5],
			"to": [8.15, 6, 14.5],
			"faces": {
				"north": {"uv": [14, 10, 14.25, 12], "texture": "#0"},
				"east": {"uv": [14, 12, 15, 10], "rotation": 180, "texture": "#0"},
				"south": {"uv": [14.75, 10, 15, 12], "texture": "#0"},
				"west": {"uv": [14, 10, 15, 12], "texture": "#0"},
				"up": {"uv": [15, 10, 14, 10.25], "rotation": 270, "texture": "#0"},
				"down": {"uv": [14, 11.75, 15, 12], "rotation": 270, "texture": "#0"}
			}
		},
		{
			"name": "skill6_0_18",
			"from": [7.9, 1, 2.5],
			"to": [8.15, 5, 3.5],
			"faces": {
				"north": {"uv": [3, 11, 3.25, 15], "texture": "#0"},
				"east": {"uv": [3, 15, 4, 11], "rotation": 180, "texture": "#0"},
				"south": {"uv": [3.75, 11, 4, 15], "texture": "#0"},
				"west": {"uv": [3, 11, 4, 15], "texture": "#0"},
				"up": {"uv": [4, 11, 3, 11.25], "rotation": 270, "texture": "#0"},
				"down": {"uv": [3, 14.75, 4, 15], "rotation": 270, "texture": "#0"}
			}
		},
		{
			"name": "skill6_0_19",
			"from": [7.9, 2, 11.5],
			"to": [8.15, 5, 12.5],
			"faces": {
				"north": {"uv": [12, 11, 12.25, 14], "texture": "#0"},
				"east": {"uv": [12, 14, 13, 11], "rotation": 180, "texture": "#0"},
				"south": {"uv": [12.75, 11, 13, 14], "texture": "#0"},
				"west": {"uv": [12, 11, 13, 14], "texture": "#0"},
				"up": {"uv": [13, 11, 12, 11.25], "rotation": 270, "texture": "#0"},
				"down": {"uv": [12, 13.75, 13, 14], "rotation": 270, "texture": "#0"}
			}
		},
		{
			"name": "skill6_0_20",
			"from": [7.9, 0, 1.5],
			"to": [8.15, 4, 2.5],
			"faces": {
				"north": {"uv": [2, 12, 2.25, 16], "texture": "#0"},
				"east": {"uv": [2, 16, 3, 12], "rotation": 180, "texture": "#0"},
				"south": {"uv": [2.75, 12, 3, 16], "texture": "#0"},
				"west": {"uv": [2, 12, 3, 16], "texture": "#0"},
				"up": {"uv": [3, 12, 2, 12.25], "rotation": 270, "texture": "#0"},
				"down": {"uv": [2, 15.75, 3, 16], "rotation": 270, "texture": "#0"}
			}
		},
		{
			"name": "skill6_0_21",
			"from": [7.9, 1, 10.5],
			"to": [8.15, 4, 11.5],
			"faces": {
				"north": {"uv": [11, 12, 11.25, 15], "texture": "#0"},
				"east": {"uv": [11, 15, 12, 12], "rotation": 180, "texture": "#0"},
				"south": {"uv": [11.75, 12, 12, 15], "texture": "#0"},
				"west": {"uv": [11, 12, 12, 15], "texture": "#0"},
				"up": {"uv": [12, 12, 11, 12.25], "rotation": 270, "texture": "#0"},
				"down": {"uv": [11, 14.75, 12, 15], "rotation": 270, "texture": "#0"}
			}
		},
		{
			"name": "skill6_0_22",
			"from": [7.9, 0, 0.5],
			"to": [8.15, 3, 1.5],
			"faces": {
				"north": {"uv": [1, 13, 1.25, 16], "texture": "#0"},
				"east": {"uv": [1, 16, 2, 13], "rotation": 180, "texture": "#0"},
				"south": {"uv": [1.75, 13, 2, 16], "texture": "#0"},
				"west": {"uv": [1, 13, 2, 16], "texture": "#0"},
				"up": {"uv": [2, 13, 1, 13.25], "rotation": 270, "texture": "#0"},
				"down": {"uv": [1, 15.75, 2, 16], "rotation": 270, "texture": "#0"}
			}
		},
		{
			"name": "skill6_0_23",
			"from": [7.9, 1, 9.5],
			"to": [8.15, 3, 10.5],
			"faces": {
				"north": {"uv": [10, 13, 10.25, 15], "texture": "#0"},
				"east": {"uv": [10, 15, 11, 13], "rotation": 180, "texture": "#0"},
				"south": {"uv": [10.75, 13, 11, 15], "texture": "#0"},
				"west": {"uv": [10, 13, 11, 15], "texture": "#0"},
				"up": {"uv": [11, 13, 10, 13.25], "rotation": 270, "texture": "#0"},
				"down": {"uv": [10, 14.75, 11, 15], "rotation": 270, "texture": "#0"}
			}
		},
		{
			"name": "skill6_0_24",
			"from": [7.9, 1, 13.5],
			"to": [8.15, 3, 14.5],
			"faces": {
				"north": {"uv": [14, 13, 14.25, 15], "texture": "#0"},
				"east": {"uv": [14, 15, 15, 13], "rotation": 180, "texture": "#0"},
				"south": {"uv": [14.75, 13, 15, 15], "texture": "#0"},
				"west": {"uv": [14, 13, 15, 15], "texture": "#0"},
				"up": {"uv": [15, 13, 14, 13.25], "rotation": 270, "texture": "#0"},
				"down": {"uv": [14, 14.75, 15, 15], "rotation": 270, "texture": "#0"}
			}
		},
		{
			"name": "skill6_0_25",
			"from": [7.9, 0, 8.5],
			"to": [8.15, 1, 9.5],
			"faces": {
				"north": {"uv": [9, 15, 9.25, 16], "texture": "#0"},
				"east": {"uv": [9, 16, 10, 15], "rotation": 180, "texture": "#0"},
				"south": {"uv": [9.75, 15, 10, 16], "texture": "#0"},
				"west": {"uv": [9, 15, 10, 16], "texture": "#0"},
				"up": {"uv": [10, 15, 9, 15.25], "rotation": 270, "texture": "#0"},
				"down": {"uv": [9, 15.75, 10, 16], "rotation": 270, "texture": "#0"}
			}
		},
		{
			"name": "skill6_0_26",
			"from": [7.9, 0, 14.5],
			"to": [8.15, 1, 15.5],
			"faces": {
				"north": {"uv": [15, 15, 15.25, 16], "texture": "#0"},
				"east": {"uv": [15, 16, 16, 15], "rotation": 180, "texture": "#0"},
				"south": {"uv": [15.75, 15, 16, 16], "texture": "#0"},
				"west": {"uv": [15, 15, 16, 16], "texture": "#0"},
				"up": {"uv": [16, 15, 15, 15.25], "rotation": 270, "texture": "#0"},
				"down": {"uv": [15, 15.75, 16, 16], "rotation": 270, "texture": "#0"}
			}
		}
	],
	"gui_light": "front",
	"display": {
		"thirdperson_righthand": {
			"rotation": [-40, 2.5, 2],
			"translation": [0, -8, 0]
		},
		"thirdperson_lefthand": {
			"rotation": [-40, 2.5, 2],
			"translation": [0, -8, 0]
		},
		"firstperson_righthand": {
			"rotation": [0, -180, 0],
			"translation": [2.75, -2.5, 0]
		},
		"firstperson_lefthand": {
			"rotation": [0, -180, 0],
			"translation": [2.75, -2.5, 0]
		},
		"ground": {
			"rotation": [-45, 0, 0],
			"translation": [0, 7, 0]
		},
		"gui": {
			"rotation": [0, 90, 0]
		},
		"fixed": {
			"rotation": [0, -90, 0]
		}
	},
	"groups": [
		{
			"name": "skill6_0",
			"origin": [8, 8, 8],
			"color": 0,
			"children": [0, 1, 2, 3, 4, 5, 6, 7, 8, 9, 10, 11, 12, 13, 14, 15, 16, 17, 18, 19, 20, 21, 22, 23, 24, 25, 26]
		}
	]
}