{
  "parent": "item/handheld_rod",
  "textures": {
    "layer0": "item/carrot_on_a_stick"
  },
  "overrides": [
    { "predicate": {"custom_model_data": 100}, "model": "item/splatoon/supasyo0"},
    { "predicate": {"custom_model_data": 101}, "model": "item/splatoon/supasyo1"},
    { "predicate": {"custom_model_data": 102}, "model": "item/splatoon/supasyo2"},
    { "predicate": {"custom_model_data": 103}, "model": "item/splatoon/supasyo3"},
    { "predicate": {"custom_model_data": 1007}, "model": "item/sword/skill9_1"},
    { "predicate": {"custom_model_data": 1008}, "model": "item/sword/skill9_2"},
    { "predicate": {"custom_model_data": 1009}, "model": "item/sword/skill9_3"},
    { "predicate": {"custom_model_data": 1010}, "model": "item/sword/skill9_4"},
    { "predicate": {"custom_model_data": 1011}, "model": "item/sword/skill9_0"}
  ]
}